{"stats":{"minecraft:custom":{"minecraft:interact_with_crafting_table":49,"minecraft:open_barrel":14,"minecraft:leave_game":5,"minecraft:time_since_death":11505,"minecraft:sprint_one_cm":2268631,"minecraft:damage_blocked_by_shield":5275,"minecraft:drop":84,"minecraft:play_noteblock":1,"minecraft:play_time":719865,"minecraft:deaths":30,"minecraft:jump":11625,"minecraft:walk_on_water_one_cm":61038,"minecraft:interact_with_furnace":39,"minecraft:play_record":9,"minecraft:sleep_in_bed":5,"minecraft:damage_dealt":42316,"minecraft:player_kills":1,"minecraft:crouch_one_cm":22039,"tombstone:undead_killed":93,"minecraft:interact_with_smoker":15,"minecraft:horse_one_cm":2552427,"minecraft:interact_with_anvil":9,"minecraft:mob_kills":222,"minecraft:damage_dealt_resisted":1935,"minecraft:walk_one_cm":1522597,"tombstone:consume_soul":5,"minecraft:damage_dealt_absorbed":241,"minecraft:sneak_time":9166,"minecraft:walk_under_water_one_cm":45599,"minecraft:interact_with_blast_furnace":11,"minecraft:total_world_time":719865,"tombstone:raider_killed":3,"minecraft:tune_noteblock":124,"minecraft:interact_with_stonecutter":11,"tombstone:pray_on_grave":1,"minecraft:time_since_rest":10477,"minecraft:damage_taken":17772,"minecraft:damage_absorbed":40,"minecraft:trigger_trapped_chest":1,"minecraft:swim_one_cm":95487,"minecraft:fly_one_cm":2598835,"minecraft:open_chest":329,"minecraft:fall_one_cm":323543},"minecraft:killed_by":{"undead_revamp2:the_moonflower":3,"born_in_chaos_v1:nightmare_stalker":1,"minecraft:wither_skeleton":1,"born_in_chaos_v1:diamond_termite":1,"minecraft:blaze":1,"minecraft:zombie":1,"born_in_chaos_v1:firelight_not_despawn":1,"minecraft:player":2,"minecraft:spider":1,"enemyexpansion:equestrian":1,"born_in_chaos_v1:barrel_zombie":1,"undead_revamp2:thehunter":1,"minecraft:hoglin":1,"mutantmonsters:mutant_skeleton":1,"minecraft:skeleton":1,"enemyexpansion:direwolf":1,"iceandfire:ghost":2},"minecraft:picked_up":{"minecraft:chiseled_deepslate":28,"minecraft:seagrass":2,"minecraft:iron_chestplate":2,"minecraft:wheat":53,"illagerinvasion:platinum_chunk":2,"minecraft:chainmail_boots":1,"minecraft:prismarine_shard":5,"minecraft:lead":9,"earthmobsmod:fancy_egg":3,"minecraft:potion":2,"minecraft:enchanted_book":2,"born_in_chaos_v1:black_argillite_wall":1,"minecraft:amethyst_block":6,"luminousworld:autumnfence":3,"minecraft:music_disc_cat":7,"minecraft:string":98,"minecraft:raw_copper":37,"minecraft:iron_leggings":2,"born_in_chaos_v1:dark_upgrade":1,"minecraft:armor_stand":2,"minecraft:pufferfish":1,"minecraft:experience_bottle":3,"quark:music_disc_ocean":4,"minecraft:sea_pickle":1,"minecraft:activator_rail":1,"minecraft:diamond_leggings":1,"minecraft:smooth_stone":4,"minecraft:cobbled_deepslate":123,"minecraft:bucket":1,"minecraft:spruce_planks":1,"minecraft:calcite":2,"minecraft:wooden_shovel":1,"minecraft:iron_pickaxe":6,"ecologics:crab_claw":6,"minecraft:iron_boots":2,"minecraft:furnace":1,"minecraft:stick":2,"luminousworld:auburnlog":7,"minecraft:jukebox":2,"ecologics:walnut_log":9,"minecraft:torch":86,"minecraft:acacia_log":22,"minecraft:porkchop":13,"iceandfire:rotten_egg":2,"tombstone:grave_dust":11,"aether:golden_gloves":1,"born_in_chaos_v1:black_argillite_brick_stairs":2,"minecraft:rabbit_foot":1,"minecraft:cauldron":2,"mutantmonsters:hulk_hammer":1,"quark:clear_shard":27,"minecraft:rotten_flesh":197,"minecraft:tropical_fish":2,"ecologics:coconut_log":27,"minecraft:cyan_terracotta":1,"supplementaries:ash":6,"luminousworld:tall_deadbush":1,"minecraft:cod":1,"undead_revamp2:arapholia":2,"minecraft:cobblestone":917,"minecraft:feather":1,"minecraft:cooked_beef":15,"minecraft:water_bucket":1,"minecraft:andesite":3,"minecraft:brown_wool":16,"minecraft:tuff":5,"supplementaries:flax_seeds":1,"born_in_chaos_v1:black_argillite_button":1,"minecraft:lapis_lazuli":64,"minecraft:lantern":4,"minecraft:dirt":166,"minecraft:cut_sandstone_slab":6,"minecraft:name_tag":1,"minecraft:glass":1,"minecraft:bone":105,"undead_revamp2:blacpetalblock":1,"minecraft:bow":2,"minecraft:wheat_seeds":121,"minecraft:raw_gold":24,"minecraft:cobbled_deepslate_slab":3,"luminousworld:elephant_grass":1,"minecraft:rabbit":1,"minecraft:cooked_porkchop":79,"minecraft:music_disc_13":3,"minecraft:lime_terracotta":2,"earthmobsmod:harder_flesh":7,"minecraft:sand":72,"ecologics:coconut_husk":1,"naturalist:duck_egg":2,"alexsmobs:animal_dictionary":1,"minecraft:dark_prismarine":20,"minecraft:bundle":2,"born_in_chaos_v1:fire_dust":18,"artifacts:golden_hook":1,"minecraft:diamond":4,"minecraft:netherite_helmet":1,"minecraft:granite":16,"minecraft:golden_apple":2,"minecraft:chainmail_helmet":1,"minecraft:emerald":3,"minecraft:bread":18,"alexsmobs:maggot":2,"minecraft:oak_sapling":2,"born_in_chaos_v1:rotten_fish":2,"minecraft:dark_oak_fence":1,"sophisticatedbackpacks:gold_backpack":2,"luminousworld:groundpebbles_1":5,"born_in_chaos_v1:diamond_termite_shard":2,"minecraft:chicken":3,"artifacts:night_vision_goggles":1,"iceandfire:witherbone":2,"minecraft:clay_ball":4,"minecraft:leather_leggings":1,"minecraft:chest_minecart":4,"ecologics:seashell":11,"minecraft:chain":6,"born_in_chaos_v1:fired_black_argillite":3,"minecraft:shield":1,"minecraft:fire_coral":1,"minecraft:iron_axe":1,"born_in_chaos_v1:intoxicating_decoction":8,"minecraft:iron_shovel":1,"minecraft:blue_orchid":1,"supplementaries:bomb":6,"minecraft:detector_rail":4,"minecraft:netherite_sword":1,"minecraft:dark_prismarine_stairs":1,"minecraft:music_disc_otherside":2,"minecraft:beef":27,"minecraft:player_head":1,"minecraft:iron_nugget":1,"minecraft:poppy":6,"minecraft:light_gray_wool":3,"supplementaries:rope":7,"minecraft:minecart":2,"tombstone:tablet_of_assistance":1,"minecraft:sugar_cane":6,"minecraft:chest":1,"minecraft:egg":2,"minecraft:raw_iron":134,"minecraft:stone":39,"ecologics:coconut_slice":63,"minecraft:copper_ingot":6,"endrem:nether_eye":1,"sophisticatedbackpacks:backpack":4,"minecraft:note_block":2,"born_in_chaos_v1:pieceofdarkmetal":4,"minecraft:redstone":41,"minecraft:iron_horse_armor":1,"minecraft:tnt":5,"minecraft:arrow":28,"quark:acacia_chest":11,"artifacts:snowshoes":1,"minecraft:hay_block":9,"tombstone:essence_of_undeath":1,"minecraft:warped_sign":1,"born_in_chaos_v1:spiny_shell":6,"minecraft:saddle":1,"undead_revamp2:the_somnolenceextract":1,"minecraft:mutton":8,"minecraft:white_wool":4,"minecraft:rail":44,"born_in_chaos_v1:fused_bone":4,"born_in_chaos_v1:corpse_maggot":48,"born_in_chaos_v1:black_argillite_column_slab":2,"born_in_chaos_v1:monster_flesh":1,"luminousworld:ishstone":11,"minecraft:leather":17,"minecraft:acacia_wood":4,"minecraft:oak_log":1,"artifacts:superstitious_hat":2,"minecraft:yellow_bed":4,"minecraft:gunpowder":16,"minecraft:cobblestone_stairs":3,"minecraft:white_banner":1,"quark:forgotten_hat":1,"quark:music_disc_crickets":3,"minecraft:rabbit_hide":2,"minecraft:iron_ingot":1,"born_in_chaos_v1:chipped_black_argillite_brick":1,"minecraft:iron_ore":8,"tombstone:bag_of_seeds":1,"minecraft:glass_bottle":2,"luminousworld:autumnplank":1,"minecraft:iron_sword":7,"minecraft:dark_oak_stairs":1,"elevatorid:elevator_white":2,"luminousworld:clovers_1":1,"minecraft:pumpkin":1,"born_in_chaos_v1:ethereal_spirit":6,"born_in_chaos_v1:black_argillitepressureplate":1,"minecraft:raw_iron_block":3,"luminousworld:sunset_petunias":1,"minecraft:gravel":8,"minecraft:amethyst_shard":4,"minecraft:spider_eye":7,"minecraft:slime_ball":16,"minecraft:iron_helmet":2,"tombstone:magic_scroll":3,"minecraft:black_wool":1,"minecraft:coal":50,"minecraft:ender_pearl":1},"minecraft:used":{"minecraft:chiseled_deepslate":314,"quark:music_disc_ocean":3,"minecraft:shield":187,"minecraft:iron_sword":709,"earthmobsmod:fancy_egg":1,"minecraft:rotten_flesh":12,"minecraft:iron_chestplate":2,"minecraft:mutton":6,"ironchest:iron_chest":3,"minecraft:music_disc_13":1,"minecraft:glass":37,"born_in_chaos_v1:corpse_maggot":7,"minecraft:lantern":1,"minecraft:iron_helmet":3,"ecologics:walnut_planks":21,"born_in_chaos_v1:fired_black_argillite":3,"minecraft:bow":40,"mutantmonsters:hulk_hammer":18,"minecraft:furnace":2,"minecraft:egg":1,"minecraft:potato":6,"luminousworld:autumnfence":2,"luminousworld:autumnplank":22,"minecraft:stone_pickaxe":79,"minecraft:wooden_pickaxe":3,"minecraft:blue_bed":1,"quark:music_disc_crickets":2,"minecraft:cookie":12,"minecraft:golden_apple":3,"elevatorid:elevator_white":2,"minecraft:sand":13,"minecraft:blast_furnace":1,"minecraft:netherite_helmet":2,"minecraft:melon_slice":2,"minecraft:bread":4,"tombstone:grave_key":2,"ecologics:coconut_slice":55,"minecraft:diamond_sword":175,"minecraft:netherite_sword":4,"minecraft:armor_stand":7,"minecraft:spruce_planks":1,"vanillaplustools:stone_hammer":65,"born_in_chaos_v1:fried_maggot":1,"minecraft:torch":2,"minecraft:dirt":104,"minecraft:granite":15,"alexsmobs:maggot":2,"tombstone:ankh_of_pray":8,"minecraft:iron_axe":53,"minecraft:iron_boots":3,"minecraft:light_gray_wool":1,"minecraft:acacia_wood":4,"tombstone:gift":5,"minecraft:cooked_beef":10,"minecraft:cobbled_deepslate":45,"minecraft:iron_leggings":2,"minecraft:wheat_seeds":13,"minecraft:cooked_mutton":1,"minecraft:water_bucket":5,"minecraft:amethyst_block":4,"minecraft:lead":1,"quark:forgotten_hat":1,"luminousworld:ishstone":11,"born_in_chaos_v1:black_argillite_brick_stairs":2,"minecraft:music_disc_cat":3,"minecraft:crafting_table":3,"supplementaries:bomb":3,"quark:acacia_chest":4,"tombstone:tablet_of_assistance":7,"minecraft:iron_pickaxe":881,"born_in_chaos_v1:staffofthe_summoner":15,"tombstone:magic_scroll":1,"minecraft:stone_axe":193,"minecraft:cobblestone":807,"ecologics:coconut_log":4,"minecraft:cooked_porkchop":77,"minecraft:bucket":5,"minecraft:yellow_bed":3,"alexsmobs:animal_dictionary":5,"minecraft:diamond_leggings":1,"minecraft:jukebox":3,"minecraft:smooth_stone":7},"minecraft:killed":{"undead_revamp2:thewolf":1,"earthmobsmod:jumbo_rabbit":1,"creeperoverhaul:beach_creeper":1,"minecraft:spider":14,"undead_revamp2:theswarmer":1,"born_in_chaos_v1:scarlet_persecutor":2,"quark:forgotten":1,"minecraft:skeleton":12,"minecraft:chicken":1,"ecologics:coconut_crab":5,"undead_revamp2:therod":1,"mowziesmobs:foliaath":1,"luminousworld:charaxes":2,"undead_revamp2:thespitter":2,"enemyexpansion:vampflyer":1,"minecraft:pig":4,"minecraft:zombie_villager":1,"alexsmobs:seal":3,"minecraft:creeper":5,"luminousworld:crab":3,"minecraft:sheep":6,"minecraft:pillager":1,"luminousworld:savannah_skeleton":2,"minecraft:zombie":27,"born_in_chaos_v1:dread_hound":2,"enemyexpansion:vampire":2,"born_in_chaos_v1:corpse_fly":5,"enemyexpansion:botfly":7,"undead_revamp2:theskeeper":1,"alexsmobs:fly":1,"born_in_chaos_v1:door_knight":1,"minecraft:cow":12,"undead_revamp2:thehunter":1,"illagerinvasion:marauder":2,"luminousworld:swallowtail":1,"quark:toretoise":1,"born_in_chaos_v1:thornshell_crab":2,"enemyexpansion:direwolf":6,"enemyexpansion:goblin_fear":1,"born_in_chaos_v1:maggot":9,"minecraft:horse":1,"earthmobsmod:fancy_chicken":1,"undead_revamp2:thehorrors":1,"undead_revamp2:sucker":1,"luminousworld:savannah_zombie":2,"born_in_chaos_v1:barrel_zombie":5,"friendsandfoes:copper_golem":2,"born_in_chaos_v1:fallen_chaos_knight":1,"earthmobsmod:bouldering_zombie":2,"born_in_chaos_v1:baby_skeleton":2,"undead_revamp2:the_moonflower":10,"enemyexpansion:sprinter":8,"minecraft:hoglin":1,"born_in_chaos_v1:decrepit_skeleton":3,"born_in_chaos_v1:bloody_gadfly":1,"undead_revamp2:thesomnolence":6,"alexsmobs:cockroach":2,"enemyexpansion:huntsman":1,"minecraft:wither_skeleton":1,"creeperoverhaul:savannah_creeper":1,"born_in_chaos_v1:controlled_baby_skeleton":1,"minecraft:enderman":1,"enemyexpansion:slugger":1},"minecraft:broken":{"minecraft:iron_leggings":1,"minecraft:stone_axe":1,"minecraft:iron_sword":3,"minecraft:iron_pickaxe":1,"minecraft:iron_helmet":1},"minecraft:crafted":{"minecraft:smooth_stone":42,"minecraft:oak_planks":4,"ecologics:walnut_planks":36,"minecraft:stone":12,"minecraft:cooked_mutton":2,"minecraft:glass":39,"minecraft:bow":1,"tombstone:grave_key":3,"minecraft:crafting_table":3,"minecraft:wooden_pickaxe":1,"born_in_chaos_v1:intoxicatind_bomb":8,"minecraft:diamond_pickaxe":1,"minecraft:shield":2,"minecraft:stick":180,"minecraft:iron_ingot":157,"minecraft:gold_ingot":22,"minecraft:raw_iron":27,"vanillaplustools:stone_hammer":2,"minecraft:jukebox":1,"minecraft:iron_nugget":10,"ecologics:coconut_planks":88,"minecraft:furnace":7,"minecraft:blast_furnace":1,"minecraft:lantern":1,"quark:acacia_chest":6,"born_in_chaos_v1:fried_maggot":1,"minecraft:stone_pickaxe":23,"luminousworld:autumnplank":28,"minecraft:iron_sword":7,"minecraft:blue_bed":1,"minecraft:stone_axe":1,"minecraft:air":0,"minecraft:blue_dye":1,"minecraft:armor_stand":5,"minecraft:acacia_planks":88,"minecraft:torch":32,"ironchest:iron_chest":3},"minecraft:mined":{"minecraft:dark_prismarine_stairs":1,"minecraft:cut_sandstone_slab":3,"minecraft:cobblestone_stairs":3,"minecraft:granite":19,"minecraft:acacia_log":21,"minecraft:grass_block":53,"minecraft:smooth_stone":4,"minecraft:raw_iron_block":3,"minecraft:iron_ore":91,"minecraft:cobbled_deepslate":54,"minecraft:fire":6,"born_in_chaos_v1:black_argillite_brick_stairs":4,"minecraft:deepslate_lapis_ore":4,"minecraft:dirt_path":11,"minecraft:water_cauldron":2,"ecologics:walnut_log":9,"minecraft:player_head":3,"minecraft:deepslate_redstone_ore":9,"minecraft:cyan_terracotta":2,"luminousworld:birchtreemushrooms":1,"minecraft:amethyst_cluster":1,"minecraft:torch":1,"born_in_chaos_v1:infected_deepslate_diamond_ore":1,"minecraft:calcite":2,"minecraft:poppy":6,"minecraft:chest":1,"minecraft:dead_bush":1,"born_in_chaos_v1:black_argillite_column_slab":2,"minecraft:glass":8,"minecraft:cobblestone":33,"minecraft:sugar_cane":2,"minecraft:wall_torch":1,"minecraft:amethyst_block":6,"ecologics:seashell":11,"minecraft:wheat":72,"born_in_chaos_v1:fired_black_argillite":4,"minecraft:jukebox":2,"minecraft:light_gray_wool":2,"minecraft:grass":83,"minecraft:oak_log":1,"minecraft:sand":75,"minecraft:dirt":65,"luminousworld:grassvariant_3":2,"born_in_chaos_v1:black_argillite_wall":1,"minecraft:oak_leaves":8,"minecraft:deepslate":27,"minecraft:dark_prismarine":15,"minecraft:tuff":5,"luminousworld:grassvariant_4":1,"minecraft:deepslate_diamond_ore":4,"minecraft:blackstone_wall":1,"minecraft:dark_oak_fence":1,"minecraft:cobbled_deepslate_slab":5,"luminousworld:grassvariant_2":2,"quark:acacia_chest":2,"ecologics:coconut_log":27,"luminousworld:autumnfence":3,"minecraft:hay_block":9,"luminousworld:sunset_petunias":1,"minecraft:furnace":1,"minecraft:acacia_wood":4,"minecraft:andesite":2,"minecraft:chiseled_deepslate":29,"minecraft:deepslate_iron_ore":42,"minecraft:lantern":4,"luminousworld:groundpebbles_2":3,"minecraft:stone":889,"minecraft:acacia_leaves":3,"minecraft:dandelion":2,"ecologics:walnut_leaves":3,"luminousworld:auburnlog":7,"minecraft:copper_ore":12,"minecraft:tall_grass":25,"born_in_chaos_v1:chipped_black_argillite_brick":1,"minecraft:deepslate_gold_ore":22,"minecraft:lapis_ore":6,"supplementaries:urn":2,"luminousworld:autumnplank":1,"minecraft:yellow_bed":4,"elevatorid:elevator_white":2,"ecologics:hanging_coconut":8,"minecraft:coal_ore":34,"luminousworld:clovers_5":1,"luminousworld:ishstone":11,"minecraft:gravel":6,"minecraft:cobweb":3},"minecraft:dropped":{"minecraft:iron_sword":2,"minecraft:dark_oak_stairs":1,"minecraft:diamond":2,"minecraft:cookie":1,"minecraft:cut_sandstone_slab":6,"minecraft:dirt":9,"quark:acacia_chest":2,"minecraft:seagrass":2,"minecraft:iron_pickaxe":1,"alexsmobs:animal_dictionary":1,"minecraft:cobbled_deepslate":31,"minecraft:music_disc_otherside":1,"undead_revamp2:arapholia":2,"ecologics:coconut_log":1,"minecraft:rotten_flesh":2,"minecraft:warped_sign":1,"born_in_chaos_v1:corpse_maggot":1,"minecraft:chest":1,"endrem:nether_eye":1,"minecraft:iron_ingot":64,"luminousworld:sunset_petunias":1,"minecraft:wheat_seeds":10,"ecologics:crab_claw":6,"minecraft:copper_ingot":3,"illagerinvasion:platinum_chunk":1,"minecraft:rose_bush":1,"born_in_chaos_v1:fused_bone":4,"minecraft:smooth_stone":9,"minecraft:music_disc_cat":2,"naturalist:duck_egg":1,"minecraft:furnace":4,"minecraft:player_head":1,"minecraft:dark_prismarine_stairs":1,"minecraft:nether_wart":7,"earthmobsmod:fancy_egg":1,"born_in_chaos_v1:black_argillite_button":1,"minecraft:light_gray_wool":1,"sophisticatedbackpacks:backpack":1,"born_in_chaos_v1:intoxicatind_bomb":3,"minecraft:shield":2,"minecraft:bundle":2,"luminousworld:groundpebbles_1":1,"minecraft:fire_coral":1,"minecraft:blue_orchid":1,"minecraft:dark_prismarine":20,"artifacts:snowshoes":1}},"DataVersion":3465}