{"stats":{"minecraft:crafted":{"minecraft:black_dye":3,"minecraft:light_gray_concrete_powder":8,"minecraft:smooth_stone":5,"iceandfire:armor_amythest_chestplate":1,"ecologics:walnut_planks":16,"supplementaries:soap":12,"quark:deepslate_furnace":1,"minecraft:bookshelf":4,"minecraft:cooked_mutton":5,"quark:acacia_bookshelf":35,"minecraft:deepslate_brick_stairs":20,"sophisticatedbackpacks:smelting_upgrade":1,"born_in_chaos_v1:nightmare_mantleofthe_night_chestplate":1,"minecraft:glass":1,"iceandfire:armor_silver_metal_chestplate":1,"vanillaplustools:iron_hammer":3,"minecraft:diamond_helmet":2,"minecraft:diamond_leggings":1,"minecraft:mangrove_stairs":4,"iceandfire:dragonbone_arrow":35,"aether:diamond_gloves":1,"minecraft:acacia_fence":12,"vanillaplustools:stone_shovel":2,"alexsmobs:cooked_catfish":1,"minecraft:cooked_rabbit":1,"iceandfire:silver_axe":1,"minecraft:deepslate":7,"minecraft:emerald":9,"minecraft:cooked_porkchop":36,"iceandfire:wither_shard":9,"minecraft:copper_ingot":532,"minecraft:sticky_piston":1,"minecraft:hay_block":2,"minecraft:iron_pickaxe":26,"sophisticatedbackpacks:auto_smelting_upgrade":1,"minecraft:iron_block":3,"minecraft:gold_ingot":678,"quark:blossom_door":3,"minecraft:light_gray_dye":8,"iceandfire:silver_sword":1,"tombstone:book_of_disenchantment":8,"minecraft:golden_carrot":60,"minecraft:stone_shovel":19,"minecraft:smooth_stone_slab":6,"vanillaplustools:stone_hammer":19,"minecraft:leather_leggings":1,"ecologics:coconut_planks":92,"tombstone:strange_tablet":6,"tombstone:blue_marble":4,"iceandfire:armor_amythest_helmet":1,"minecraft:bone_meal":6,"quark:blossom_chest":96,"born_in_chaos_v1:smoked_monster_flesh":6,"minecraft:orange_wool":3,"minecraft:terracotta":12,"born_in_chaos_v1:pieceofdarkmetal":9,"minecraft:diamond":2,"minecraft:dark_oak_fence":96,"minecraft:deepslate_brick_wall":19,"undead_revamp2:bostroxsword":1,"luminousworld:white_oak_plank":52,"minecraft:stone_pickaxe":178,"minecraft:diamond_boots":1,"iceandfire:armor_silver_metal_boots":1,"minecraft:dark_oak_planks":168,"minecraft:lead":2,"tombstone:strange_scroll":3,"minecraft:wheat":54,"minecraft:coal_block":67,"luminousworld:autumnplank":28,"ironchest:wood_to_iron_chest_upgrade":5,"minecraft:enchanting_table":1,"sophisticatedbackpacks:gold_backpack":7,"minecraft:orange_dye":4,"minecraft:golden_apple":18,"minecraft:oak_stairs":48,"minecraft:iron_leggings":11,"ecologics:walnut_sign":6,"minecraft:armor_stand":4,"minecraft:oak_planks":376,"undead_revamp2:toothmace":1,"minecraft:cooked_chicken":2,"iceandfire:armor_amythest_leggings":1,"minecraft:lightning_rod":6,"minecraft:stone":82,"born_in_chaos_v1:dark_metal_ingot":7,"mutantmonsters:mutant_skeleton_arms":1,"minecraft:hopper":3,"luminousworld:autumnfence":21,"minecraft:bow":7,"minecraft:iron_boots":12,"minecraft:raw_copper":45,"iceandfire:armor_silver_metal_leggings":1,"tombstone:grave_key":1,"minecraft:copper_block":6,"minecraft:golden_boots":1,"minecraft:stone_hoe":3,"tombstone:green_marble":5,"born_in_chaos_v1:pileof_dark_metal":7,"minecraft:smoker":1,"tombstone:decorative_grave_original":2,"supplementaries:rope_arrow":2,"sophisticatedbackpacks:backpack":2,"minecraft:arrow":40,"quark:blossom_planks":2064,"minecraft:cauldron":1,"born_in_chaos_v1:smoked_fish":8,"minecraft:crafting_table":2,"minecraft:spruce_planks":16,"minecraft:wooden_pickaxe":1,"minecraft:iron_helmet":12,"minecraft:baked_potato":28,"tombstone:decorative_grave_simple":1,"supplementaries:rope":15,"sophisticatedbackpacks:feeding_upgrade":1,"minecraft:brewing_stand":1,"minecraft:birch_planks":16,"iceandfire:copper_sword":1,"sophisticatedbackpacks:upgrade_base":3,"iceandfire:dragonbone_bow":1,"minecraft:tnt":6,"born_in_chaos_v1:staffofthe_summoner":1,"minecraft:iron_chestplate":10,"minecraft:book":48,"minecraft:paper":147,"minecraft:charcoal":23,"minecraft:diamond_pickaxe":1,"minecraft:shield":8,"minecraft:stick":944,"minecraft:iron_ingot":2989,"minecraft:shears":1,"quark:blossom_planks_stairs":12,"tombstone:decorative_subaraki_grave":1,"minecraft:cherry_planks":8,"minecraft:coal":1,"minecraft:raw_iron":45,"born_in_chaos_v1:nightmare_mantleofthe_night_leggings":1,"born_in_chaos_v1:nightmare_mantleofthe_night_boots":1,"minecraft:furnace":7,"minecraft:blast_furnace":3,"minecraft:piston":1,"minecraft:gray_dye":4,"minecraft:flint_and_steel":1,"quark:acacia_chest":37,"minecraft:leather":187,"born_in_chaos_v1:bone_handle":3,"supplementaries:bomb":24,"minecraft:iron_axe":1,"alexsmobs:kangaroo_burger":10,"luminousworld:white_oakfencegate":4,"cgm:workbench":2,"minecraft:glistering_melon_slice":1,"sophisticatedbackpacks:iron_backpack":4,"minecraft:cooked_beef":47,"minecraft:cooked_cod":10,"minecraft:diamond_sword":1,"elevatorid:elevator_white":2,"iceandfire:silver_ingot":117,"iceandfire:tide_trident":1,"born_in_chaos_v1:nightmare_scythe":1,"alexsmobs:cooked_kangaroo_meat":5,"minecraft:iron_sword":2,"minecraft:cooked_salmon":16,"tombstone:ankh_of_pray":1,"ironchest:copper_chest":1,"iceandfire:armor_amythest_boots":1,"minecraft:bucket":1,"minecraft:mangrove_planks":12,"born_in_chaos_v1:bone_heart":4,"minecraft:stone_axe":12,"minecraft:bread":803,"minecraft:air":0,"minecraft:jungle_planks":4,"tombstone:decorative_grave_cross":1,"sophisticatedbackpacks:pickup_upgrade":1,"minecraft:gold_nugget":415,"minecraft:white_dye":6,"tombstone:dark_marble":24,"minecraft:stonecutter":1,"minecraft:anvil":1,"minecraft:acacia_planks":752,"undead_revamp2:bostroxingot":5,"minecraft:torch":1424,"minecraft:clay":1,"minecraft:diamond_chestplate":2,"ironchest:iron_chest":3},"minecraft:broken":{"minecraft:diamond_helmet":1,"minecraft:iron_boots":14,"minecraft:iron_chestplate":11,"minecraft:iron_leggings":12,"iceandfire:silver_sword":1,"minecraft:chainmail_boots":1,"minecraft:iron_sword":3,"iceandfire:armor_silver_metal_chestplate":1,"minecraft:bow":1,"iceandfire:armor_silver_metal_leggings":1,"minecraft:chainmail_leggings":1,"minecraft:diamond_leggings":1,"aether:iron_gloves":1,"minecraft:chainmail_helmet":1,"minecraft:stone_hoe":1,"minecraft:wooden_pickaxe":1,"minecraft:shield":9,"vanillaplustools:stone_hammer":14,"minecraft:iron_axe":2,"minecraft:iron_helmet":17,"vanillaplustools:stone_shovel":2,"iceandfire:silver_axe":1,"mutantmonsters:hulk_hammer":1,"minecraft:golden_helmet":1,"vanillaplustools:iron_hammer":1,"born_in_chaos_v1:nightmare_mantleofthe_night_boots":1,"minecraft:stone_pickaxe":5,"minecraft:diamond_boots":1,"minecraft:stone_axe":8,"iceandfire:armor_silver_metal_boots":1,"minecraft:stone_shovel":1,"born_in_chaos_v1:wood_splitter_axe":1,"minecraft:golden_chestplate":1,"minecraft:diamond_chestplate":1,"minecraft:leather_boots":1},"minecraft:custom":{"minecraft:interact_with_crafting_table":483,"minecraft:open_barrel":219,"goblintraders:trade_with_goblin":121,"minecraft:eat_cake_slice":2,"minecraft:leave_game":46,"minecraft:time_since_death":389835,"minecraft:damage_blocked_by_shield":22132,"minecraft:play_time":4656339,"minecraft:deaths":120,"minecraft:jump":57678,"minecraft:enchant_item":12,"minecraft:interact_with_furnace":318,"minecraft:play_record":10,"minecraft:sleep_in_bed":50,"minecraft:damage_dealt":591078,"tombstone:use_disenchantment":8,"tombstone:undead_killed":1582,"tombstone:create_ancient_item":1,"minecraft:interact_with_smithing_table":13,"minecraft:interact_with_smoker":56,"minecraft:horse_one_cm":7904697,"minecraft:interact_with_anvil":94,"minecraft:damage_dealt_absorbed":111,"minecraft:sneak_time":45908,"minecraft:interact_with_blast_furnace":429,"minecraft:total_world_time":4656339,"tombstone:raider_killed":55,"minecraft:tune_noteblock":43,"minecraft:interact_with_stonecutter":33,"tombstone:pray_on_grave":4,"minecraft:time_since_rest":388562,"tombstone:cast_on_ally":0,"minecraft:swim_one_cm":514616,"minecraft:fly_one_cm":10858686,"minecraft:open_chest":5776,"minecraft:fall_one_cm":1532341,"minecraft:animals_bred":266,"minecraft:damage_resisted":529,"minecraft:sprint_one_cm":10838086,"minecraft:drop":400,"minecraft:play_noteblock":9,"minecraft:talked_to_villager":14,"minecraft:interact_with_brewingstand":8,"minecraft:walk_on_water_one_cm":553094,"minecraft:player_kills":2,"minecraft:crouch_one_cm":115314,"tombstone:villager_killed":1,"minecraft:mob_kills":3338,"minecraft:fill_cauldron":1,"minecraft:damage_dealt_resisted":35110,"minecraft:climb_one_cm":28907,"minecraft:walk_one_cm":12345870,"tombstone:consume_soul":19,"minecraft:walk_under_water_one_cm":360228,"minecraft:interact_with_grindstone":4,"minecraft:damage_absorbed":907,"minecraft:damage_taken":141962,"minecraft:trigger_trapped_chest":7},"minecraft:used":{"iceandfire:lectern":3,"earthmobsmod:fancy_egg":8,"ecologics:coconut_planks":133,"minecraft:warped_sign":1,"minecraft:chest":2,"twilightforest:mangrove_chest":2,"minecraft:rotten_flesh":26,"minecraft:soul_sand":1,"minecraft:acacia_sapling":87,"ironchest:iron_chest":9,"minecraft:lava_bucket":1,"minecraft:mangrove_stairs":8,"cgm:shotgun":653,"minecraft:cooked_cod":10,"minecraft:bow":212,"supplementaries:ash":4,"mutantmonsters:hulk_hammer":143,"minecraft:furnace":7,"minecraft:oak_sapling":24,"minecraft:acacia_fence":12,"minecraft:egg":19,"minecraft:potato":17,"born_in_chaos_v1:nightmare_mantleofthe_night_boots":2,"minecraft:deepslate_brick_wall":84,"mowziesmobs:foliaath_seed":2,"minecraft:diorite":155,"minecraft:wooden_pickaxe":61,"naturalist:duck_egg":13,"iceandfire:armor_silver_metal_boots":1,"elevatorid:elevator_white":3,"minecraft:golden_apple":21,"minecraft:glow_berries":5,"minecraft:sand":61,"minecraft:pitcher_pod":2,"minecraft:blast_furnace":4,"illagerinvasion:lost_candle":3,"luminousworld:white_oakfencegate":3,"minecraft:pumpkin_seeds":9,"minecraft:deepslate_brick_stairs":17,"minecraft:lightning_rod":9,"earthmobsmod:duck_egg":2,"minecraft:zombie_head":2,"supplementaries:flax_seeds":45,"minecraft:diamond_sword":388,"minecraft:smithing_table":1,"minecraft:dark_oak_fence":134,"iceandfire:fire_lily":1,"ironchest:wood_to_iron_chest_upgrade":3,"minecraft:acacia_log":40,"iceandfire:silver_sword":289,"minecraft:enchanting_table":4,"minecraft:carved_pumpkin":1,"tombstone:scroll_of_frost_resistance":1,"minecraft:armor_stand":4,"born_in_chaos_v1:smoked_fish":7,"vanillaplustools:stone_hammer":1910,"minecraft:cooked_salmon":16,"earthmobsmod:harder_flesh":3,"minecraft:stick":3,"minecraft:torch":1445,"minecraft:brewing_stand":1,"minecraft:anvil":2,"quark:yellow_blossom_sapling":32,"iceandfire:copper_sword":263,"minecraft:chainmail_chestplate":1,"minecraft:oak_fence_gate":4,"tombstone:ankh_of_pray":24,"minecraft:iron_block":4,"minecraft:iron_axe":312,"born_in_chaos_v1:nightmare_scythe":1191,"minecraft:barrel":9,"undead_revamp2:huntereye":1,"minecraft:diamond_chestplate":4,"minecraft:gunpowder":1,"tombstone:gift":14,"quark:blossom_planks":1321,"ecologics:coconut_seedling":6,"minecraft:cobbled_deepslate":1212,"minecraft:acacia_planks":52,"alexsmobs:cooked_catfish":1,"quark:blossom_log":16,"minecraft:wheat_seeds":255,"minecraft:water_bucket":194,"minecraft:birch_planks":1,"minecraft:bundle":18,"luminousworld:white_oak_plank":15,"minecraft:cauldron":1,"minecraft:gold_ore":6,"iceandfire:dragon_skull_lightning":1,"minecraft:fletching_table":2,"minecraft:deepslate_bricks":1833,"born_in_chaos_v1:black_argillite_brick_stairs":4,"minecraft:rail":1,"vanillaplustools:stone_shovel":263,"supplementaries:bomb":24,"minecraft:lime_terracotta":17,"minecraft:crafting_table":5,"minecraft:cod":1,"minecraft:oak_log":31,"minecraft:dark_prismarine":10,"minecraft:diamond_pickaxe":71,"minecraft:iron_pickaxe":4788,"tombstone:tablet_of_assistance":3,"born_in_chaos_v1:staffofthe_summoner":220,"tombstone:magic_scroll":12,"undead_revamp2:toothmace":155,"minecraft:cobblestone":2226,"minecraft:potion":1,"vanillaplustools:iron_hammer":1612,"minecraft:cooked_porkchop":216,"minecraft:diamond_leggings":1,"ecologics:walnut_sign":6,"iceandfire:tide_trident":296,"minecraft:iron_shovel":110,"minecraft:shield":729,"minecraft:creeper_head":3,"minecraft:iron_sword":6641,"luminousworld:savannah_ground":1,"minecraft:player_head":24,"minecraft:green_terracotta":17,"minecraft:iron_chestplate":3,"minecraft:jungle_planks":3,"minecraft:carrot":91,"minecraft:tuff":95,"minecraft:music_disc_13":3,"minecraft:obsidian":25,"born_in_chaos_v1:corpse_maggot":18,"tombstone:decorative_grave_simple":3,"tombstone:tablet_of_cupidity":1,"quark:deepslate_furnace":1,"minecraft:cyan_terracotta":9,"minecraft:lantern":1,"minecraft:iron_helmet":8,"born_in_chaos_v1:gnawed_bones":8,"iceandfire:armor_amythest_chestplate":1,"minecraft:stone_bricks":8,"ecologics:walnut_planks":2,"quark:blossom_chest":120,"minecraft:skeleton_skull":2,"luminousworld:autumnfence":16,"cgm:heavy_rifle":39,"minecraft:stone_pickaxe":742,"minecraft:diamond_boots":3,"minecraft:wither_skeleton_skull":3,"minecraft:oak_planks":37,"minecraft:mangrove_planks":9,"tombstone:decorative_grave_cross":1,"minecraft:sugar_cane":19,"iceandfire:podium_spruce":2,"ironchest:copper_chest":3,"minecraft:crossbow":86,"minecraft:note_block":1,"iceandfire:silver_axe":279,"minecraft:shears":6,"luminousworld:creepberries":3,"minecraft:dark_oak_log":5,"minecraft:bread":863,"minecraft:string":6,"tombstone:grave_key":26,"minecraft:deepslate":1,"born_in_chaos_v1:smoked_monster_flesh":6,"minecraft:gravel":46,"ecologics:coconut_slice":99,"tombstone:decorative_subaraki_grave":1,"luminousworld:auburn_sapling":2,"born_in_chaos_v1:mesh_door":3,"tombstone:familiar_stone":1,"born_in_chaos_v1:rotten_fish":3,"minecraft:cooked_rabbit":2,"minecraft:andesite":12,"minecraft:bone_meal":4,"minecraft:chest_minecart":1,"minecraft:cobweb":9,"minecraft:experience_bottle":13,"minecraft:netherite_sword":142,"minecraft:oak_fence":16,"minecraft:music_disc_otherside":2,"minecraft:flint_and_steel":3,"minecraft:tropical_fish":1,"minecraft:stone_shovel":271,"undead_revamp2:blacpetalblock":1,"minecraft:spruce_planks":5,"minecraft:stone_hoe":195,"minecraft:cooked_chicken":5,"minecraft:oak_door":7,"minecraft:dirt":1580,"cgm:workbench":1,"minecraft:diamond_helmet":5,"minecraft:raw_iron_block":4,"minecraft:golden_chestplate":1,"minecraft:granite":14,"minecraft:iron_hoe":128,"minecraft:dark_oak_planks":11,"minecraft:bookshelf":4,"minecraft:oak_stairs":110,"minecraft:iron_boots":6,"alexsmobs:kangaroo_burger":7,"minecraft:golden_carrot":58,"minecraft:cooked_beef":77,"minecraft:enchanted_golden_apple":1,"minecraft:pumpkin":7,"tombstone:decorative_grave_original":4,"minecraft:iron_leggings":6,"minecraft:cooked_mutton":49,"tombstone:scroll_of_knowledge":2,"minecraft:iron_ore":162,"minecraft:cobblestone_stairs":291,"minecraft:glass_bottle":4,"minecraft:baked_potato":28,"undead_revamp2:bostroxsword":108,"minecraft:red_nether_bricks":8,"minecraft:copper_block":6,"minecraft:green_bed":1,"ecologics:walnut_sapling":3,"minecraft:stonecutter":3,"minecraft:music_disc_cat":5,"tombstone:scroll_of_feather_fall":1,"quark:acacia_bookshelf":35,"quark:acacia_chest":50,"minecraft:spider_eye":2,"minecraft:light_gray_concrete_powder":15,"tombstone:tablet_of_home":5,"minecraft:smoker":2,"tombstone:bag_of_seeds":14,"minecraft:apple":5,"quark:blossom_door":2,"iceandfire:dragonbone_bow":22,"quark:blossom_planks_stairs":10,"minecraft:stone_axe":996,"minecraft:fishing_rod":7,"ecologics:coconut_log":5,"minecraft:white_banner":7,"minecraft:bucket":195,"born_in_chaos_v1:wood_splitter_axe":2659,"minecraft:yellow_bed":3,"alexsmobs:animal_dictionary":9,"enemyexpansion:horsehead_helmet":3,"minecraft:smooth_stone":1,"minecraft:chainmail_leggings":1},"minecraft:killed_by":{"undead_revamp2:the_moonflower":9,"born_in_chaos_v1:nightmare_stalker":19,"minecraft:pillager":2,"mutantmonsters:mutant_creeper":1,"minecraft:zombie":6,"born_in_chaos_v1:scarlet_persecutor":1,"undead_revamp2:thepregnant":1,"enemyexpansion:vampflyer":1,"enemyexpansion:invisicreeper":1,"minecraft:husk":4,"creeperoverhaul:beach_creeper":1,"undead_revamp2:thesomnolence":1,"undead_revamp2:theswarmer":1,"alexsmobs:bison":2,"enemyexpansion:goblin":1,"undead_revamp2:thespitter":2,"enemyexpansion:vampire":1,"mutantmonsters:mutant_skeleton":1,"enemyexpansion:botfly":1,"iceandfire:ghost":1,"mutantmonsters:mutant_zombie":1,"minecraft:wither_skeleton":4,"iceandfire:cyclops":4,"minecraft:creeper":1,"born_in_chaos_v1:zombie_bruiser":1,"born_in_chaos_v1:corpse_fly":1,"enemyexpansion:meature":1,"minecraft:cave_spider":2,"minecraft:blaze":1,"minecraft:witch":1,"undead_revamp2:theheavy":1,"minecraft:player":1,"enemyexpansion:trollenraged":2,"minecraft:spider":1,"minecraft:enderman":2,"enemyexpansion:equestrian":1,"born_in_chaos_v1:fallen_chaos_knight":1,"minecraft:bee":1,"takesapillage:archer":15,"undead_revamp2:thehorrors":1,"undead_revamp2:therod":1,"minecraft:skeleton":4,"born_in_chaos_v1:corpse_fish":1,"born_in_chaos_v1:missioner":1,"luminousworld:savannah_skeleton":1},"minecraft:dropped":{"minecraft:iron_sword":4,"minecraft:cooked_beef":22,"minecraft:cooked_porkchop":82,"tombstone:tablet_of_assistance":1,"minecraft:saddle":2,"sophisticatedbackpacks:gold_backpack":3,"minecraft:dirt":8,"born_in_chaos_v1:phantom_powder":3,"minecraft:sand":3,"minecraft:iron_pickaxe":15,"mutantmonsters:hulk_hammer":1,"minecraft:cobbled_deepslate":34,"alexsmobs:animal_dictionary":1,"aether:golden_gloves":1,"minecraft:netherite_sword":1,"minecraft:wheat":3,"undead_revamp2:arapholia":15,"minecraft:rotten_flesh":8,"supplementaries:flax_seeds":328,"endrem:nether_eye":1,"minecraft:glass":1,"minecraft:egg":5,"born_in_chaos_v1:intoxicating_decoction":8,"minecraft:wheat_seeds":4890,"minecraft:netherite_helmet":1,"minecraft:iron_helmet":2,"minecraft:feather":28,"minecraft:cobblestone":67,"minecraft:granite":57,"minecraft:golden_apple":2,"minecraft:polished_andesite":1,"minecraft:oxeye_daisy":2,"minecraft:diamond_horse_armor":1,"minecraft:golden_carrot":22,"minecraft:paper":5,"minecraft:string":64,"artifacts:digging_claws":2,"naturalist:duck_egg":2,"minecraft:experience_bottle":3,"minecraft:iron_boots":2,"sophisticatedbackpacks:backpack":1,"minecraft:name_tag":1,"minecraft:potato":1,"minecraft:stone":39,"minecraft:allium":2,"minecraft:bundle":3,"minecraft:diamond_pickaxe":1,"minecraft:spider_eye":1,"minecraft:gold_ore":6,"ecologics:crab_meat":1,"ecologics:coconut_slice":15,"minecraft:iron_horse_armor":1,"artifacts:night_vision_goggles":1,"tombstone:bag_of_seeds":2,"alexsmobs:kangaroo_burger":1,"artifacts:superstitious_hat":2,"minecraft:seagrass":3,"minecraft:birch_log":1,"minecraft:gravel":2,"born_in_chaos_v1:fire_dust":18,"minecraft:beetroot":2,"luminousworld:savannah_soil":1,"minecraft:carrot":2096,"minecraft:poppy":1,"supplementaries:ash":8,"minecraft:gunpowder":4,"minecraft:beetroot_seeds":61,"born_in_chaos_v1:corpse_maggot":6,"ecologics:coconut_husk":15,"minecraft:iron_ore":67,"minecraft:arrow":79,"minecraft:water_bucket":1,"minecraft:bread":18,"minecraft:diamond_leggings":1,"minecraft:lead":2,"minecraft:stick":3,"quark:clear_shard":3,"tombstone:magic_scroll":1,"minecraft:torch":100,"tombstone:grave_key":1,"born_in_chaos_v1:staffofthe_summoner":1,"minecraft:brown_wool":32,"minecraft:iron_leggings":2,"minecraft:music_disc_cat":1,"minecraft:dandelion":1,"minecraft:tuff":1,"supplementaries:bomb":3,"minecraft:raw_iron":2,"iceandfire:witherbone":3,"earthmobsmod:fancy_egg":1,"minecraft:shield":1,"iceandfire:copper_sword":2,"iceandfire:rotten_egg":2,"aether:diamond_gloves":1,"minecraft:iron_chestplate":2,"minecraft:andesite":23,"minecraft:oak_sapling":1,"minecraft:golden_sword":2,"tombstone:essence_of_undeath":1,"quark:red_corundum":2},"minecraft:picked_up":{"quark:diamond_heart":1,"minecraft:flower_pot":2,"minecraft:seagrass":11,"born_in_chaos_v1:charmof_stealth":1,"minecraft:iron_chestplate":11,"minecraft:anvil":1,"minecraft:chainmail_boots":9,"iceandfire:copper_sword":3,"minecraft:creeper_head":2,"minecraft:prismarine_shard":13,"minecraft:diamond_sword":1,"minecraft:lead":18,"minecraft:smithing_table":1,"minecraft:oak_stairs":170,"minecraft:enchanted_book":5,"minecraft:brewing_stand":1,"minecraft:golden_sword":2,"luminousworld:autumnfence":7,"minecraft:amethyst_block":5,"minecraft:string":503,"minecraft:music_disc_cat":9,"born_in_chaos_v1:mesh_door":3,"minecraft:red_nether_bricks":10,"minecraft:pufferfish":1,"minecraft:shroomlight":4,"minecraft:beetroot":26,"minecraft:gold_nugget":93,"minecraft:cobbled_deepslate":7142,"minecraft:spruce_planks":11,"minecraft:melon_slice":43,"minecraft:coal_block":10,"cgm:advanced_bullet":256,"minecraft:mangrove_log":9,"ecologics:crab_claw":1,"minecraft:golden_helmet":3,"luminousworld:auburnlog":7,"born_in_chaos_v1:shattered_skull":3,"minecraft:green_bed":1,"minecraft:acacia_log":319,"quark:blossom_log":543,"born_in_chaos_v1:pileof_dark_metal":1,"minecraft:lightning_rod":2,"minecraft:cherry_log":7,"born_in_chaos_v1:black_argillite_brick_stairs":8,"mutantmonsters:mutant_skeleton_pelvis":1,"minecraft:golden_chestplate":6,"minecraft:green_terracotta":37,"minecraft:rabbit_foot":3,"luminousworld:grassflowers":5,"minecraft:stone_sword":4,"quark:clear_shard":4,"minecraft:honey_bottle":1,"minecraft:tropical_fish":3,"minecraft:carved_pumpkin":1,"minecraft:cyan_terracotta":21,"supplementaries:ash":828,"minecraft:blaze_rod":9,"minecraft:birch_log":23,"minecraft:magma_block":1,"minecraft:mossy_cobblestone_slab":1,"minecraft:feather":80,"minecraft:cooked_beef":117,"minecraft:water_bucket":1,"minecraft:jungle_log":2,"ecologics:coconut_planks":91,"minecraft:brown_wool":38,"minecraft:jungle_wood":2,"minecraft:smoker":1,"ironchest:copper_chest":2,"alexsmobs:bison_fur":30,"minecraft:flint":66,"born_in_chaos_v1:black_argillite_button":2,"alexsmobs:cooked_kangaroo_meat":5,"minecraft:lantern":1,"minecraft:brown_candle":10,"minecraft:light_gray_concrete_powder":7,"born_in_chaos_v1:marigolds":8,"undead_revamp2:blacpetalblock":17,"minecraft:stonecutter":2,"luminousworld:elephant_grass":7,"twilightforest:mangrove_chest":2,"minecraft:rabbit":1,"minecraft:glowstone_dust":37,"minecraft:pitcher_pod":1,"minecraft:honeycomb":1,"iceandfire:dragonscales_amythest":32,"luminousworld:bass_item":5,"luminousworld:creepberries":13,"minecraft:warped_wart_block":1,"minecraft:lime_terracotta":34,"minecraft:stripped_acacia_wood":3,"iceandfire:shiny_scales":1,"ecologics:coconut_husk":8,"sophisticatedbackpacks:iron_backpack":1,"iceandfire:lightning_dragon_heart":1,"minecraft:dark_oak_log":51,"minecraft:barrel":13,"naturalist:duck_egg":16,"alexsmobs:animal_dictionary":1,"undead_revamp2:heavytooth":12,"minecraft:bundle":49,"minecraft:iron_hoe":6,"minecraft:polished_andesite":14,"alexsmobs:kangaroo_hide":6,"quark:blossom_planks_stairs":10,"iceandfire:lectern":4,"luminousworld:yellowpetunias":1,"born_in_chaos_v1:nightmare_scythe":10,"minecraft:granite":428,"luminousworld:auburn_sapling":2,"minecraft:bread":36,"minecraft:golden_horse_armor":9,"minecraft:chainmail_helmet":5,"born_in_chaos_v1:rotten_fish":22,"minecraft:dark_oak_fence":36,"minecraft:bricks":2,"iceandfire:raw_silver":60,"minecraft:diamond_pickaxe":1,"iceandfire:dragon_skull_lightning":1,"sophisticatedbackpacks:gold_backpack":1,"luminousworld:groundpebbles_1":12,"minecraft:crafting_table":3,"minecraft:coarse_dirt":7,"luminousworld:decorative_brown_2":3,"iceandfire:witherbone":54,"minecraft:nether_wart":72,"minecraft:clay_ball":18,"born_in_chaos_v1:seedof_chaos":11,"minecraft:golden_pickaxe":3,"born_in_chaos_v1:charmof_resistance":2,"ecologics:seashell":16,"luminousworld:trout":1,"born_in_chaos_v1:fired_black_argillite":8,"minecraft:fire_coral":2,"minecraft:cornflower":2,"cgm:shotgun":1,"born_in_chaos_v1:intoxicating_decoction":13,"minecraft:iron_shovel":6,"iceandfire:ghost_ingot":1,"iceandfire:graveyard_soil":11,"iceandfire:bestiary":3,"minecraft:netherite_sword":4,"minecraft:music_disc_otherside":3,"minecraft:beef":47,"born_in_chaos_v1:gnawed_bones":19,"minecraft:jungle_sapling":1,"minecraft:iron_nugget":42,"minecraft:poppy":7,"supplementaries:rope":3,"quark:yellow_blossom_sapling":35,"minecraft:chest":3,"minecraft:egg":30,"quark:green_corundum_cluster":29,"minecraft:oak_door":8,"ironchest:iron_chest":6,"sophisticatedbackpacks:backpack":1,"minecraft:fire_charge":4,"minecraft:carrot":2148,"born_in_chaos_v1:pieceofdarkmetal":56,"minecraft:redstone":1375,"minecraft:prismarine_crystals":17,"minecraft:tnt":10,"born_in_chaos_v1:charmof_fury":1,"luminousworld:decorative_brown_mushroom_1":1,"minecraft:gold_ingot":5,"minecraft:beetroot_seeds":58,"born_in_chaos_v1:wood_splitter_axe":5,"quark:acacia_chest":20,"minecraft:deepslate_bricks":71,"artifacts:snowshoes":1,"minecraft:hay_block":8,"minecraft:yellow_terracotta":13,"born_in_chaos_v1:spiny_shell":6,"tombstone:essence_of_undeath":6,"sophisticatedbackpacks:copper_backpack":1,"minecraft:glow_berries":5,"minecraft:mutton":4,"alexsmobs:kangaroo_meat":5,"minecraft:bone_block":24,"minecraft:white_wool":47,"minecraft:rail":34,"minecraft:oxeye_daisy":2,"minecraft:stripped_oak_log":1,"born_in_chaos_v1:black_argillite_column_slab":3,"enemyexpansion:horsehead_helmet":1,"iceandfire:sea_serpent_fang":8,"born_in_chaos_v1:monster_flesh":38,"minecraft:tripwire_hook":8,"luminousworld:ishstone":123,"alexsmobs:acacia_blossom":6,"minecraft:red_mushroom":36,"minecraft:acacia_wood":4,"minecraft:oak_log":176,"minecraft:golden_boots":3,"mutantmonsters:mutant_skeleton_limb":8,"minecraft:paper":18,"tombstone:gift":1,"minecraft:white_banner":7,"undead_revamp2:toothmace":1,"minecraft:apple":2,"minecraft:stone_bricks":9,"mowziesmobs:umvuthana_mask_rage":1,"minecraft:kelp":7,"minecraft:oak_fence_gate":4,"earthmobsmod:fancy_feather":8,"minecraft:iron_ore":59,"minecraft:cobweb":13,"tombstone:bag_of_seeds":22,"minecraft:glass_bottle":7,"minecraft:mangrove_planks":9,"minecraft:iron_sword":64,"elevatorid:elevator_white":1,"minecraft:polished_andesite_stairs":1,"minecraft:smooth_basalt":4,"endrem:witch_pupil":2,"iceandfire:copper_nugget":100,"enemyexpansion:phantom_eye":6,"born_in_chaos_v1:orbofthe_summoner":1,"born_in_chaos_v1:ethereal_spirit":64,"minecraft:cracked_nether_bricks":2,"minecraft:gravel":657,"minecraft:birch_stairs":1,"tombstone:decorative_grave_simple":2,"minecraft:spruce_log":6,"minecraft:slime_ball":75,"minecraft:stone_axe":21,"undead_revamp2:beespheromones":1,"minecraft:gray_wool":6,"mowziesmobs:umvuthana_mask_fear":1,"minecraft:ender_pearl":7,"minecraft:chiseled_deepslate":1,"minecraft:wheat":2292,"illagerinvasion:platinum_chunk":4,"earthmobsmod:fancy_egg":8,"minecraft:potion":2,"tombstone:grave_key":1,"born_in_chaos_v1:black_argillite_wall":1,"born_in_chaos_v1:black_argillite":14,"minecraft:smooth_stone_slab":5,"mutantmonsters:mutant_skeleton_skull":1,"minecraft:raw_copper":165,"aether:diamond_gloves":1,"minecraft:iron_leggings":7,"minecraft:zombie_head":17,"minecraft:experience_bottle":6,"minecraft:sea_pickle":1,"minecraft:smooth_stone":15,"earthmobsmod:duck_egg":3,"minecraft:bucket":7,"minecraft:calcite":5,"minecraft:wooden_shovel":5,"minecraft:iron_pickaxe":18,"minecraft:iron_boots":10,"minecraft:furnace":4,"minecraft:tipped_arrow":1,"minecraft:stick":84,"ecologics:walnut_log":8,"minecraft:oak_fence":16,"minecraft:torch":133,"born_in_chaos_v1:phantom_powder":7,"tombstone:decorative_grave_original":2,"minecraft:spruce_stairs":1,"ecologics:coconut_seedling":6,"luminousworld:savannah_soil":9,"minecraft:porkchop":36,"iceandfire:rotten_egg":1,"tombstone:grave_dust":202,"minecraft:diorite":699,"born_in_chaos_v1:nightmare_claw":15,"supplementaries:flax":134,"minecraft:goat_horn":4,"quark:blossom_planks":236,"mutantmonsters:hulk_hammer":3,"minecraft:mangrove_stairs":8,"minecraft:rotten_flesh":2076,"ecologics:coconut_log":28,"supplementaries:antique_ink":5,"mutantmonsters:mutant_skeleton_shoulder_pad":2,"quark:blossom_chest":31,"luminousworld:tall_deadbush":6,"artifacts:panic_necklace":1,"minecraft:deepslate_brick_stairs":4,"minecraft:obsidian":40,"undead_revamp2:arapholia":21,"minecraft:cod":1,"minecraft:cobblestone":7694,"minecraft:blaze_powder":5,"minecraft:enchanting_table":3,"ecologics:walnut_planks":2,"luminousworld:savannah_ground":13,"ecologics:walnut":13,"minecraft:andesite":628,"minecraft:potato":23,"minecraft:tuff":1835,"supplementaries:flax_seeds":288,"undead_revamp2:huntereye":2,"cgm:heavy_rifle":1,"minecraft:wither_skeleton_skull":2,"minecraft:lapis_lazuli":2296,"minecraft:dirt":1786,"born_in_chaos_v1:staffofthe_summoner":1,"minecraft:name_tag":3,"born_in_chaos_v1:monster_skin":34,"minecraft:bone":1057,"minecraft:acacia_planks":60,"minecraft:bow":23,"minecraft:wheat_seeds":4840,"minecraft:cobbled_deepslate_slab":2,"minecraft:raw_gold":486,"minecraft:bamboo":18,"minecraft:fletching_table":2,"minecraft:oak_planks":62,"minecraft:cooked_porkchop":292,"minecraft:music_disc_13":5,"iceandfire:podium_spruce":3,"minecraft:poisonous_potato":2,"earthmobsmod:harder_flesh":6,"minecraft:sand":117,"undead_revamp2:acidsack":1,"minecraft:nether_brick_stairs":3,"minecraft:grass_block":3,"quark:red_corundum":2,"minecraft:orange_wool":3,"minecraft:mossy_cobblestone":40,"minecraft:dark_prismarine":28,"cgm:shell":768,"minecraft:light_gray_concrete":8,"minecraft:sugar":4,"born_in_chaos_v1:fire_dust":4,"minecraft:diamond":89,"minecraft:crossbow":1,"minecraft:bone_meal":8,"minecraft:golden_apple":3,"minecraft:emerald":48,"iceandfire:tide_trident":1,"minecraft:oak_sapling":19,"minecraft:netherrack":106,"iceandfire:silver_nugget":30,"minecraft:oak_leaves":1,"born_in_chaos_v1:diamond_termite_shard":14,"minecraft:allium":4,"minecraft:azure_bluet":1,"artifacts:night_vision_goggles":1,"minecraft:chicken":2,"born_in_chaos_v1:river_mint":2,"minecraft:chest_minecart":2,"iceandfire:fire_lily":1,"minecraft:brown_mushroom":4,"minecraft:stone_brick_wall":4,"minecraft:cooked_rabbit":1,"minecraft:diamond_horse_armor":1,"minecraft:chain":4,"minecraft:shield":2,"minecraft:iron_axe":6,"luminousworld:sunny":1,"takesapillage:ravager_horn":2,"ecologics:walnut_sapling":3,"minecraft:player_head":24,"minecraft:light_gray_wool":12,"minecraft:sugar_cane":196,"luminousworld:white_oak_plank":14,"minecraft:phantom_membrane":17,"minecraft:dark_oak_sapling":3,"minecraft:raw_iron":2547,"iceandfire:dragonbone":11,"ecologics:coconut_slice":134,"minecraft:copper_ingot":30,"endrem:nether_eye":1,"minecraft:note_block":3,"quark:deepslate_furnace":1,"minecraft:stone_button":1,"minecraft:cookie":30,"born_in_chaos_v1:charmof_endurance":1,"minecraft:iron_horse_armor":3,"minecraft:stone_pressure_plate":1,"minecraft:dark_oak_planks":16,"minecraft:arrow":412,"minecraft:pumpkin_pie":2,"minecraft:nether_bricks":16,"mutantmonsters:mutant_skeleton_rib":5,"artifacts:cross_necklace":1,"minecraft:saddle":5,"minecraft:nether_brick_wall":1,"born_in_chaos_v1:intoxicatind_bomb":3,"minecraft:skeleton_skull":3,"born_in_chaos_v1:fused_bone":16,"born_in_chaos_v1:corpse_maggot":244,"minecraft:netherite_boots":3,"artifacts:digging_claws":2,"minecraft:glow_ink_sac":10,"minecraft:salmon":5,"minecraft:leather":192,"minecraft:birch_planks":3,"minecraft:crimson_fungus":1,"minecraft:chainmail_chestplate":14,"artifacts:superstitious_hat":1,"iceandfire:ectoplasm":7,"minecraft:nether_wart_block":1,"minecraft:yellow_bed":3,"minecraft:gunpowder":201,"minecraft:cobblestone_stairs":34,"quark:forgotten_hat":1,"minecraft:cooked_mutton":44,"quark:music_disc_crickets":2,"minecraft:rabbit_hide":42,"minecraft:spruce_wood":3,"minecraft:iron_ingot":149,"minecraft:cooked_chicken":3,"born_in_chaos_v1:chipped_black_argillite_brick":1,"ecologics:crab_meat":2,"minecraft:soul_sand":25,"mowziesmobs:umvuthana_mask_misery":1,"minecraft:acacia_sapling":92,"minecraft:book":117,"minecraft:warped_fungus":7,"quark:red_corundum_cluster":35,"minecraft:pitcher_plant":1,"minecraft:pumpkin":6,"iceandfire:ash":2,"minecraft:quartz":212,"born_in_chaos_v1:black_argillitepressureplate":2,"minecraft:dandelion":4,"minecraft:raw_iron_block":9,"born_in_chaos_v1:dark_rod":8,"minecraft:amethyst_shard":18,"minecraft:blast_furnace":1,"minecraft:gold_ore":6,"minecraft:spider_eye":83,"luminousworld:whiteoaklog":13,"undead_revamp2:rawbostrox":5,"alexsmobs:raw_catfish":1,"minecraft:pumpkin_seeds":20,"minecraft:chainmail_leggings":8,"minecraft:iron_helmet":11,"iceandfire:sea_serpent_scales_red":10,"minecraft:mossy_cobblestone_stairs":2,"tombstone:magic_scroll":34,"minecraft:black_wool":3,"minecraft:coal":1760,"minecraft:sunflower":2},"minecraft:killed":{"illagerinvasion:archivist":4,"alexsmobs:lobster":1,"minecraft:cave_spider":9,"earthmobsmod:jumbo_rabbit":2,"born_in_chaos_v1:restless_spirit":11,"born_in_chaos_v1:zombie_lumberjack":29,"born_in_chaos_v1:skeleton_demoman":4,"born_in_chaos_v1:door_knight_not_despawn":1,"enemyexpansion:equestrian":21,"undead_revamp2:axestrom":2,"born_in_chaos_v1:siamese_skeletonsright":5,"undead_revamp2:theswarmer":14,"born_in_chaos_v1:baby_skeleton_minion":7,"illagerinvasion:basher":2,"minecraft:skeleton":183,"luminousworld:ringlet":1,"luminousworld:dark_oak_skeleton":8,"minecraft:chicken":3,"alexsmobs:capuchin_monkey":2,"alexsmobs:centipede_head":1,"born_in_chaos_v1:skeleton_thrasher":3,"earthmobsmod:zombified_rabbit":3,"creeperoverhaul:cave_creeper":1,"undead_revamp2:thepregnant":5,"born_in_chaos_v1:supreme_bonescaller_stage_2":1,"undead_revamp2:thespitter":15,"enemyexpansion:vampflyer":11,"naturalist:firefly":1,"born_in_chaos_v1:bone_imp":1,"undead_revamp2:theheavy":6,"mutantmonsters:mutant_skeleton":2,"endermanoverhaul:savanna_enderman":4,"luminousworld:crab":3,"minecraft:pillager":6,"enemyexpansion:meature":14,"minecraft:zombie":349,"enemyexpansion:vampire":6,"born_in_chaos_v1:corpse_fly":75,"enemyexpansion:botfly":84,"iceandfire:lightning_dragon":1,"mutantmonsters:mutant_creeper":1,"born_in_chaos_v1:door_knight":11,"takesapillage:archer":1,"iceandfire:sea_serpent":2,"minecraft:cow":42,"enemyexpansion:trollenraged":1,"undead_revamp2:thehunter":8,"undead_revamp2:theimmortal":14,"enemyexpansion:vampbiter":2,"minecraft:vindicator":6,"illagerinvasion:marauder":6,"quark:toretoise":1,"alexsmobs:seagull":1,"undead_revamp2:bomber":4,"enemyexpansion:goblin_fear":6,"born_in_chaos_v1:thornshell_crab":2,"enemyexpansion:silverqueen":3,"born_in_chaos_v1:barrel_zombie":15,"born_in_chaos_v1:spirit_guide":2,"minecraft:husk":6,"earthmobsmod:bouldering_zombie":10,"born_in_chaos_v1:bone_imp_minion":14,"undead_revamp2:the_moonflower":140,"enemyexpansion:sprinter":44,"minecraft:wandering_trader":1,"minecraft:ravager":1,"born_in_chaos_v1:decrepit_skeleton":49,"alexsmobs:catfish":1,"born_in_chaos_v1:bloody_gadfly":16,"undead_revamp2:thesomnolence":135,"iceandfire:ghost":26,"born_in_chaos_v1:dark_vortex":7,"creeperoverhaul:savannah_creeper":2,"born_in_chaos_v1:controlled_baby_skeleton":5,"minecraft:enderman":3,"undead_revamp2:thewolf":2,"born_in_chaos_v1:zombie_clown":9,"minecraft:zombified_piglin":5,"minecraft:witch":6,"creeperoverhaul:beach_creeper":3,"minecraft:spider":105,"undead_revamp2:thesmoker":29,"born_in_chaos_v1:scarlet_persecutor":31,"quark:forgotten":1,"minecraft:bee":6,"illagerinvasion:provoker":3,"minecraft:silverfish":15,"undead_revamp2:therod":14,"born_in_chaos_v1:firelight_not_despawn":7,"undead_revamp2:crackleball":2,"alexsmobs:kangaroo":5,"artifacts:mimic":1,"minecraft:piglin":1,"minecraft:pig":115,"born_in_chaos_v1:bonescaller":6,"quark:stoneling":1,"born_in_chaos_v1:diamond_termite":26,"minecraft:zombie_villager":23,"earthmobsmod:lobber_zombie":5,"undead_revamp2:thebeartamer":3,"minecraft:creeper":46,"minecraft:sheep":24,"undead_revamp2:theordure":2,"born_in_chaos_v1:zombie_fisherman":6,"luminousworld:savannah_skeleton":87,"born_in_chaos_v1:dread_hound":13,"undead_revamp2:theskeeper":6,"alexsmobs:fly":1,"luminousworld:dark_oak_zombie":1,"mowziesmobs:umvuthana_raptor":3,"enemyexpansion:wasp":5,"born_in_chaos_v1:siamese_skeletonsleft":6,"minecraft:blaze":16,"born_in_chaos_v1:missioner":2,"undead_revamp2:thegliter":10,"enemyexpansion:intruder":6,"luminousworld:sunken_skeleton":3,"minecraft:slime":28,"enemyexpansion:direwolf":104,"born_in_chaos_v1:zombie_bruiser":21,"born_in_chaos_v1:maggot":200,"minecraft:phantom":15,"undead_revamp2:coppertar":2,"earthmobsmod:fancy_chicken":2,"alexsmobs:bison":12,"minecraft:drowned":5,"born_in_chaos_v1:corpse_fish":5,"undead_revamp2:sucker":3,"enemyexpansion:goblin":4,"luminousworld:savannah_zombie":85,"born_in_chaos_v1:siamese_skeletons":1,"born_in_chaos_v1:fallen_chaos_knight":4,"born_in_chaos_v1:baby_skeleton":22,"born_in_chaos_v1:swarmer":5,"quark:foxhound":1,"born_in_chaos_v1:spirit_guide_assistant":5,"takesapillage:skirmisher":5,"enemyexpansion:troll":1,"mowziesmobs:umvuthana_follower_raptor":15,"minecraft:hoglin":20,"born_in_chaos_v1:phantom_creeper_copy":1,"born_in_chaos_v1:decaying_zombie":4,"ecologics:squirrel":1,"enemyexpansion:huntsman":25,"born_in_chaos_v1:nightmare_stalker":14,"mutantmonsters:mutant_zombie":2,"minecraft:wither_skeleton":107,"enemyexpansion:slugger":24},"minecraft:mined":{"minecraft:dark_oak_planks":6,"minecraft:cut_sandstone_slab":2,"luminousworld:autumnleaves":19,"iceandfire:copper_pile":9,"minecraft:jungle_leaves":7,"minecraft:red_nether_bricks":10,"minecraft:obsidian":43,"minecraft:granite":661,"minecraft:acacia_log":292,"minecraft:stone_brick_wall":6,"quark:green_corundum_cluster":25,"minecraft:coal_block":8,"minecraft:deepslate_bricks":76,"minecraft:oxeye_daisy":1,"minecraft:nether_wart":23,"luminousworld:savanna_grass_2":17,"minecraft:crimson_fungus":1,"ironchest:copper_chest":2,"minecraft:spawner":33,"minecraft:tall_seagrass":2,"quark:blossom_chest":20,"minecraft:magma_block":4,"minecraft:mossy_cobblestone_stairs":3,"minecraft:cobbled_deepslate":181,"minecraft:barrel":12,"minecraft:fire":112,"minecraft:pumpkin":5,"minecraft:deepslate_lapis_ore":142,"minecraft:fletching_table":2,"minecraft:nether_brick_stairs":3,"minecraft:enchanting_table":3,"minecraft:oak_sign":1,"iceandfire:gold_pile":9,"minecraft:small_amethyst_bud":2,"minecraft:dirt_path":74,"minecraft:oak_stairs":184,"minecraft:light_gray_concrete":8,"minecraft:deepslate_brick_stairs":4,"minecraft:spruce_wood":4,"minecraft:player_head":19,"minecraft:tripwire":3,"quark:red_corundum_cluster":31,"minecraft:brown_mushroom":4,"minecraft:kelp_plant":1,"minecraft:smoker":1,"minecraft:amethyst_cluster":3,"minecraft:torch":34,"minecraft:note_block":3,"born_in_chaos_v1:infected_deepslate_diamond_ore":4,"minecraft:blast_furnace":1,"minecraft:polished_andesite_stairs":1,"minecraft:melon":7,"minecraft:dead_bush":1,"quark:blossom_log":548,"minecraft:creeper_wall_head":2,"minecraft:glass":1,"minecraft:sugar_cane":103,"born_in_chaos_v1:black_argillite_button":3,"minecraft:bricks":2,"minecraft:amethyst_block":13,"minecraft:skeleton_skull":4,"minecraft:jungle_wood":3,"ecologics:seashell":8,"minecraft:wheat":131,"minecraft:potted_poppy":1,"minecraft:warped_fungus":7,"minecraft:grass":1108,"minecraft:oak_fence_gate":4,"minecraft:brown_candle":3,"luminousworld:grassvariant_3":25,"tombstone:decorative_grave_simple":2,"minecraft:smooth_basalt":19,"minecraft:red_mushroom_block":93,"minecraft:stonecutter":2,"minecraft:deepslate":10307,"quark:red_corundum":2,"luminousworld:savannah_ground":12,"minecraft:yellow_terracotta":13,"minecraft:dark_prismarine":29,"minecraft:mossy_cobblestone":42,"iceandfire:silver_ore":66,"minecraft:nether_brick_wall":1,"minecraft:dark_oak_log":44,"minecraft:nether_bricks":20,"minecraft:dark_oak_fence":37,"born_in_chaos_v1:black_argillite":66,"luminousworld:grassvariant_2":60,"iceandfire:deepslate_silver_ore":11,"luminousworld:whiteoakleaves":2,"born_in_chaos_v1:gnawed_bones":7,"supplementaries:rope":3,"minecraft:redstone_ore":65,"supplementaries:flax":19,"minecraft:acacia_wood":4,"minecraft:andesite":1038,"minecraft:green_terracotta":37,"minecraft:potatoes":3,"minecraft:vine":9,"minecraft:rail":10,"ironchest:iron_chest":6,"quark:yellow_blossom_sapling":11,"luminousworld:groundpebbles_2":1,"minecraft:bamboo":4,"iceandfire:podium_spruce":3,"minecraft:mangrove_stairs":8,"luminousworld:savannah_soil":7,"minecraft:light_gray_carpet":4,"minecraft:redstone_block":2,"minecraft:gray_concrete":2,"minecraft:glass_pane":5,"minecraft:soul_sand":25,"minecraft:dandelion":4,"minecraft:cornflower":1,"minecraft:light_gray_concrete_powder":7,"ecologics:walnut_leaves":5,"undead_revamp2:blacpetalblock":1,"luminousworld:auburnlog":7,"minecraft:copper_ore":56,"minecraft:lightning_rod":3,"luminousworld:grassflowers":5,"minecraft:tall_grass":194,"minecraft:deepslate_gold_ore":267,"minecraft:diorite":1191,"minecraft:warped_wart_block":1,"luminousworld:whiteoaklog":13,"minecraft:coarse_dirt":9,"minecraft:birch_leaves":18,"quark:green_corundum":1,"quark:deepslate_furnace":1,"iceandfire:silver_pile":9,"luminousworld:ishstone":298,"minecraft:pitcher_crop":2,"minecraft:gravel":826,"minecraft:zombie_head":16,"minecraft:sunflower":2,"minecraft:cobweb":223,"minecraft:acacia_planks":62,"minecraft:stone_bricks":15,"luminousworld:elephant_grass":6,"minecraft:gold_ore":66,"minecraft:fern":27,"minecraft:large_amethyst_bud":1,"minecraft:spruce_planks":12,"minecraft:stone_pressure_plate":1,"iceandfire:graveyard_soil":14,"minecraft:oak_sapling":2,"luminousworld:yellowpetunias":1,"quark:yellow_blossom_leaves":1199,"tombstone:decorative_grave_original":2,"minecraft:cobblestone_stairs":34,"minecraft:brewing_stand":1,"minecraft:budding_amethyst":1,"minecraft:grass_block":415,"ecologics:coconut_leaves":3,"iceandfire:lectern":4,"quark:acacia_bookshelf":5,"minecraft:frosted_ice":2,"minecraft:mossy_cobblestone_slab":1,"minecraft:smooth_stone":6,"minecraft:raw_iron_block":9,"minecraft:glowstone":12,"supplementaries:ash":24,"minecraft:iron_ore":1106,"born_in_chaos_v1:black_argillite_brick_stairs":10,"quark:blossom_planks":232,"minecraft:anvil":1,"minecraft:azure_bluet":1,"supplementaries:stick":3,"ecologics:walnut_log":8,"luminousworld:decorative_brown_2":3,"minecraft:green_bed":1,"luminousworld:creepbush":13,"minecraft:deepslate_redstone_ore":241,"luminousworld:tall_deadbush":7,"minecraft:blackstone":3,"minecraft:cyan_terracotta":31,"minecraft:medium_amethyst_bud":2,"minecraft:clay":1,"minecraft:calcite":22,"minecraft:poppy":4,"minecraft:chest":3,"iceandfire:fire_lily":1,"minecraft:wither_skeleton_wall_skull":1,"born_in_chaos_v1:black_argillite_column_slab":3,"minecraft:mushroom_stem":10,"minecraft:nether_quartz_ore":124,"minecraft:cobblestone":1390,"minecraft:oak_planks":61,"placeablesmod:bread_full_block":1,"twilightforest:mangrove_chest":2,"minecraft:wall_torch":43,"minecraft:deepslate_copper_ore":15,"minecraft:seagrass":2,"minecraft:warped_nylium":2,"minecraft:acacia_sapling":17,"minecraft:nether_wart_block":1,"born_in_chaos_v1:fired_black_argillite":8,"minecraft:smooth_stone_slab":5,"born_in_chaos_v1:river_mint":1,"minecraft:light_gray_wool":14,"minecraft:tnt":5,"minecraft:oak_log":155,"minecraft:beetroots":23,"minecraft:lime_terracotta":35,"minecraft:sand":76,"minecraft:dirt":1011,"born_in_chaos_v1:black_argillite_wall":2,"minecraft:oak_leaves":81,"minecraft:netherrack":131,"luminousworld:savannah_grass_4":10,"minecraft:nether_gold_ore":5,"minecraft:diamond_ore":3,"minecraft:tuff":2032,"minecraft:red_carpet":1,"ecologics:coconut_planks":92,"luminousworld:grassvariant_4":9,"minecraft:dark_oak_leaves":3,"minecraft:deepslate_diamond_ore":50,"minecraft:oak_door":5,"born_in_chaos_v1:infected_diamond_ore":17,"minecraft:stone_button":1,"luminousworld:decorative_brown_mushroom_1":1,"quark:acacia_chest":18,"ecologics:coconut_log":28,"luminousworld:white_oak_plank":14,"luminousworld:autumnfence":7,"minecraft:cracked_nether_bricks":3,"luminousworld:groundpebbles_3":1,"minecraft:hay_block":6,"minecraft:furnace":4,"minecraft:carrots":6,"luminousworld:auburn_sapling":1,"supplementaries:gunpowder":1,"minecraft:bookshelf":24,"minecraft:shroomlight":4,"minecraft:deepslate_iron_ore":710,"minecraft:stripped_oak_log":1,"minecraft:stone":8860,"minecraft:acacia_leaves":57,"minecraft:oak_fence":16,"luminousworld:savannah_grass_1":16,"minecraft:crafting_table":3,"minecraft:deepslate_coal_ore":15,"born_in_chaos_v1:chipped_black_argillite_brick":3,"minecraft:lapis_ore":90,"supplementaries:urn":81,"minecraft:spruce_stairs":1,"minecraft:gray_wool":7,"quark:blossom_planks_stairs":10,"minecraft:redstone_torch":1,"iceandfire:ash":5,"minecraft:mangrove_planks":9,"minecraft:white_wall_banner":1,"minecraft:yellow_bed":3,"elevatorid:elevator_white":1,"minecraft:coal_ore":1272,"ecologics:hanging_coconut":12,"minecraft:flower_pot":1,"ecologics:walnut_planks":2,"minecraft:stripped_acacia_wood":3,"minecraft:polished_andesite":13,"ecologics:coconut_seedling":1}},"DataVersion":3465}