{"stats":{"minecraft:dropped":{"minecraft:iron_sword":4,"minecraft:porkchop":2,"minecraft:cooked_porkchop":82,"tombstone:tablet_of_assistance":1,"minecraft:sand":3,"minecraft:cobbled_deepslate":34,"minecraft:netherite_sword":1,"minecraft:wheat":3,"undead_revamp2:arapholia":15,"minecraft:rotten_flesh":9,"minecraft:glass":1,"minecraft:wheat_seeds":5410,"minecraft:golden_apple":2,"minecraft:diamond_horse_armor":1,"artifacts:digging_claws":2,"minecraft:experience_bottle":3,"minecraft:iron_boots":3,"sophisticatedbackpacks:backpack":1,"minecraft:name_tag":1,"minecraft:bundle":3,"minecraft:diamond_pickaxe":1,"ecologics:crab_meat":1,"ecologics:coconut_slice":15,"minecraft:iron_horse_armor":1,"artifacts:night_vision_goggles":1,"tombstone:bag_of_seeds":2,"minecraft:beetroot":2,"luminousworld:savannah_soil":1,"minecraft:beetroot_seeds":61,"minecraft:iron_ore":67,"minecraft:bread":18,"quark:clear_shard":3,"born_in_chaos_v1:staffofthe_summoner":1,"tombstone:grave_key":1,"supplementaries:bomb":3,"earthmobsmod:fancy_egg":1,"aether:diamond_gloves":1,"minecraft:andesite":23,"minecraft:oak_sapling":1,"minecraft:cooked_beef":22,"minecraft:saddle":2,"sophisticatedbackpacks:gold_backpack":3,"minecraft:dirt":8,"born_in_chaos_v1:phantom_powder":3,"minecraft:iron_pickaxe":15,"mutantmonsters:hulk_hammer":1,"alexsmobs:animal_dictionary":1,"aether:golden_gloves":1,"supplementaries:flax_seeds":367,"endrem:nether_eye":1,"minecraft:egg":5,"born_in_chaos_v1:intoxicating_decoction":8,"minecraft:netherite_helmet":1,"minecraft:feather":28,"minecraft:iron_helmet":3,"minecraft:cobblestone":67,"minecraft:granite":57,"minecraft:polished_andesite":1,"minecraft:oxeye_daisy":2,"minecraft:golden_carrot":22,"minecraft:string":64,"minecraft:paper":5,"naturalist:duck_egg":3,"minecraft:potato":5,"minecraft:stone":39,"minecraft:allium":2,"minecraft:spider_eye":1,"minecraft:gold_ore":11,"alexsmobs:kangaroo_burger":1,"artifacts:superstitious_hat":2,"minecraft:seagrass":3,"minecraft:birch_log":1,"minecraft:gravel":2,"born_in_chaos_v1:fire_dust":18,"minecraft:carrot":2592,"minecraft:poppy":1,"supplementaries:ash":8,"minecraft:gunpowder":4,"born_in_chaos_v1:corpse_maggot":10,"ecologics:coconut_husk":17,"minecraft:arrow":79,"minecraft:water_bucket":1,"minecraft:diamond_leggings":1,"minecraft:lead":2,"minecraft:stick":3,"tombstone:magic_scroll":1,"minecraft:torch":100,"minecraft:brown_wool":32,"minecraft:iron_leggings":3,"minecraft:music_disc_cat":1,"minecraft:dandelion":1,"minecraft:tuff":1,"minecraft:raw_iron":2,"iceandfire:witherbone":3,"minecraft:shield":1,"iceandfire:copper_sword":2,"iceandfire:rotten_egg":2,"minecraft:iron_chestplate":2,"luminousworld:groundpebbles_1":1,"minecraft:golden_sword":2,"tombstone:essence_of_undeath":1,"quark:red_corundum":2},"minecraft:killed":{"illagerinvasion:archivist":4,"born_in_chaos_v1:zombie_lumberjack":31,"born_in_chaos_v1:skeleton_demoman":4,"illagerinvasion:basher":2,"undead_revamp2:theswarmer":14,"luminousworld:ringlet":1,"earthmobsmod:zombified_rabbit":3,"alexsmobs:centipede_head":1,"undead_revamp2:thepregnant":6,"undead_revamp2:thespitter":17,"born_in_chaos_v1:bone_imp":1,"undead_revamp2:theheavy":6,"luminousworld:crab":3,"minecraft:pillager":7,"minecraft:zombie":401,"iceandfire:lightning_dragon":1,"mutantmonsters:mutant_creeper":1,"iceandfire:sea_serpent":2,"undead_revamp2:theimmortal":14,"aether:mimic":4,"minecraft:vindicator":6,"undead_revamp2:bomber":5,"enemyexpansion:goblin_fear":6,"enemyexpansion:silverqueen":3,"minecraft:husk":6,"earthmobsmod:bouldering_zombie":10,"enemyexpansion:sprinter":46,"minecraft:ravager":1,"born_in_chaos_v1:bloody_gadfly":20,"undead_revamp2:thesomnolence":146,"iceandfire:ghost":26,"creeperoverhaul:savannah_creeper":2,"born_in_chaos_v1:controlled_baby_skeleton":5,"minecraft:zombified_piglin":5,"minecraft:witch":7,"minecraft:spider":116,"minecraft:bee":6,"illagerinvasion:provoker":3,"minecraft:silverfish":15,"undead_revamp2:therod":18,"born_in_chaos_v1:firelight_not_despawn":7,"minecraft:piglin":1,"born_in_chaos_v1:bonescaller":6,"minecraft:zombie_villager":24,"earthmobsmod:lobber_zombie":5,"undead_revamp2:thebeartamer":3,"minecraft:sheep":24,"undead_revamp2:theordure":2,"born_in_chaos_v1:zombie_fisherman":6,"luminousworld:savannah_skeleton":90,"mowziesmobs:umvuthana_raptor":3,"born_in_chaos_v1:siamese_skeletonsleft":6,"undead_revamp2:thegliter":10,"enemyexpansion:intruder":6,"luminousworld:sunken_skeleton":3,"minecraft:slime":28,"enemyexpansion:direwolf":112,"born_in_chaos_v1:zombie_bruiser":23,"earthmobsmod:fancy_chicken":2,"aether:valkyrie":2,"minecraft:drowned":5,"born_in_chaos_v1:corpse_fish":5,"enemyexpansion:goblin":4,"luminousworld:savannah_zombie":89,"born_in_chaos_v1:baby_skeleton":22,"born_in_chaos_v1:swarmer":5,"born_in_chaos_v1:spirit_guide_assistant":5,"takesapillage:skirmisher":6,"minecraft:hoglin":20,"mutantmonsters:mutant_enderman":1,"born_in_chaos_v1:decaying_zombie":4,"minecraft:wither_skeleton":115,"enemyexpansion:slugger":26,"minecraft:cave_spider":9,"alexsmobs:lobster":1,"earthmobsmod:jumbo_rabbit":2,"born_in_chaos_v1:restless_spirit":14,"born_in_chaos_v1:door_knight_not_despawn":1,"enemyexpansion:equestrian":27,"undead_revamp2:axestrom":2,"born_in_chaos_v1:siamese_skeletonsright":5,"born_in_chaos_v1:baby_skeleton_minion":7,"minecraft:skeleton":201,"luminousworld:dark_oak_skeleton":8,"alexsmobs:capuchin_monkey":2,"minecraft:chicken":3,"born_in_chaos_v1:skeleton_thrasher":3,"creeperoverhaul:cave_creeper":1,"born_in_chaos_v1:supreme_bonescaller_stage_2":1,"enemyexpansion:vampflyer":11,"naturalist:firefly":1,"mutantmonsters:mutant_skeleton":2,"endermanoverhaul:savanna_enderman":4,"enemyexpansion:meature":16,"enemyexpansion:vampire":6,"born_in_chaos_v1:corpse_fly":79,"enemyexpansion:botfly":101,"born_in_chaos_v1:door_knight":11,"takesapillage:archer":2,"minecraft:cow":42,"enemyexpansion:trollenraged":1,"undead_revamp2:thehunter":8,"enemyexpansion:vampbiter":2,"illagerinvasion:marauder":6,"quark:toretoise":1,"alexsmobs:seagull":1,"born_in_chaos_v1:thornshell_crab":3,"undead_revamp2:thebidy":1,"born_in_chaos_v1:barrel_zombie":18,"born_in_chaos_v1:spirit_guide":2,"born_in_chaos_v1:bone_imp_minion":14,"undead_revamp2:the_moonflower":157,"minecraft:wandering_trader":1,"born_in_chaos_v1:decrepit_skeleton":53,"alexsmobs:catfish":1,"born_in_chaos_v1:dark_vortex":8,"minecraft:enderman":4,"undead_revamp2:thewolf":3,"born_in_chaos_v1:zombie_clown":9,"creeperoverhaul:beach_creeper":4,"undead_revamp2:thesmoker":32,"quark:forgotten":1,"born_in_chaos_v1:scarlet_persecutor":31,"undead_revamp2:crackleball":2,"alexsmobs:kangaroo":5,"artifacts:mimic":1,"minecraft:pig":167,"quark:stoneling":1,"born_in_chaos_v1:diamond_termite":26,"minecraft:creeper":55,"born_in_chaos_v1:dread_hound":18,"undead_revamp2:theskeeper":6,"alexsmobs:fly":1,"luminousworld:dark_oak_zombie":1,"minecraft:blaze":18,"enemyexpansion:wasp":5,"born_in_chaos_v1:missioner":2,"takesapillage:legioner":1,"born_in_chaos_v1:maggot":223,"minecraft:phantom":22,"undead_revamp2:coppertar":5,"alexsmobs:bison":12,"undead_revamp2:thehorrors":1,"undead_revamp2:sucker":4,"born_in_chaos_v1:siamese_skeletons":1,"born_in_chaos_v1:fallen_chaos_knight":4,"quark:foxhound":1,"enemyexpansion:troll":1,"mowziesmobs:umvuthana_follower_raptor":15,"born_in_chaos_v1:phantom_creeper_copy":1,"ecologics:squirrel":1,"enemyexpansion:huntsman":31,"born_in_chaos_v1:nightmare_stalker":16,"mutantmonsters:mutant_zombie":2},"minecraft:picked_up":{"quark:diamond_heart":1,"born_in_chaos_v1:charmof_stealth":1,"iceandfire:copper_sword":3,"minecraft:smithing_table":1,"minecraft:lead":18,"minecraft:enchanted_book":5,"luminousworld:autumnfence":18,"minecraft:music_disc_cat":9,"minecraft:string":536,"minecraft:pufferfish":1,"minecraft:shroomlight":4,"luminousworld:auburnlog":7,"born_in_chaos_v1:shattered_skull":3,"minecraft:acacia_log":319,"quark:blossom_log":543,"minecraft:lightning_rod":2,"born_in_chaos_v1:black_argillite_brick_stairs":8,"minecraft:green_terracotta":53,"minecraft:golden_chestplate":6,"minecraft:stone_sword":4,"minecraft:honey_bottle":1,"minecraft:carved_pumpkin":1,"supplementaries:ash":883,"minecraft:blaze_rod":9,"minecraft:iron_bars":1,"minecraft:feather":80,"minecraft:cooked_beef":117,"minecraft:water_bucket":1,"ecologics:coconut_planks":91,"minecraft:brown_wool":38,"alexsmobs:bison_fur":30,"minecraft:flint":66,"born_in_chaos_v1:black_argillite_button":2,"alexsmobs:cooked_kangaroo_meat":5,"aether:icestone":2,"minecraft:lantern":3,"born_in_chaos_v1:marigolds":8,"minecraft:stonecutter":2,"twilightforest:mangrove_chest":2,"minecraft:rabbit":1,"minecraft:honeycomb":1,"luminousworld:bass_item":5,"luminousworld:creepberries":13,"minecraft:stripped_acacia_wood":3,"minecraft:lime_terracotta":35,"ecologics:coconut_husk":8,"aether:zanite_gemstone":1,"sophisticatedbackpacks:iron_backpack":1,"iceandfire:lightning_dragon_heart":1,"naturalist:duck_egg":25,"alexsmobs:animal_dictionary":1,"minecraft:iron_hoe":8,"minecraft:polished_andesite":14,"iceandfire:lectern":4,"luminousworld:yellowpetunias":1,"born_in_chaos_v1:nightmare_scythe":10,"minecraft:granite":429,"luminousworld:auburn_sapling":2,"minecraft:golden_horse_armor":9,"born_in_chaos_v1:rotten_fish":25,"iceandfire:raw_silver":67,"minecraft:diamond_pickaxe":1,"iceandfire:dragon_skull_lightning":3,"sophisticatedbackpacks:gold_backpack":1,"luminousworld:decorative_brown_2":3,"minecraft:clay_ball":18,"born_in_chaos_v1:seedof_chaos":11,"minecraft:golden_pickaxe":3,"born_in_chaos_v1:charmof_resistance":2,"born_in_chaos_v1:fired_black_argillite":8,"minecraft:fire_coral":2,"minecraft:cornflower":2,"born_in_chaos_v1:intoxicating_decoction":13,"minecraft:iron_shovel":6,"iceandfire:ghost_ingot":1,"iceandfire:graveyard_soil":11,"minecraft:netherite_sword":4,"minecraft:jungle_sapling":1,"minecraft:poppy":7,"supplementaries:rope":3,"sophisticatedbackpacks:backpack":3,"minecraft:fire_charge":4,"minecraft:white_dye":2,"born_in_chaos_v1:pieceofdarkmetal":56,"quark:acacia_chest":20,"minecraft:hay_block":8,"minecraft:yellow_terracotta":13,"born_in_chaos_v1:spiny_shell":9,"sophisticatedbackpacks:copper_backpack":1,"minecraft:mutton":4,"minecraft:rail":34,"minecraft:bone_block":24,"minecraft:oxeye_daisy":2,"born_in_chaos_v1:black_argillite_column_slab":3,"iceandfire:sea_serpent_fang":8,"born_in_chaos_v1:monster_flesh":43,"minecraft:tripwire_hook":8,"luminousworld:ishstone":126,"minecraft:acacia_wood":4,"minecraft:paper":18,"undead_revamp2:toothmace":1,"minecraft:apple":2,"minecraft:oak_fence_gate":4,"minecraft:iron_ore":59,"tombstone:bag_of_seeds":22,"minecraft:polished_andesite_stairs":1,"iceandfire:copper_nugget":188,"minecraft:smooth_basalt":4,"born_in_chaos_v1:orbofthe_summoner":1,"minecraft:cracked_nether_bricks":2,"tombstone:decorative_grave_simple":2,"minecraft:slime_ball":79,"mowziesmobs:umvuthana_mask_fear":1,"minecraft:baked_potato":2,"illagerinvasion:platinum_chunk":5,"quark:music_disc_drips":1,"earthmobsmod:fancy_egg":8,"born_in_chaos_v1:black_argillite_wall":1,"minecraft:experience_bottle":8,"minecraft:smooth_stone":15,"minecraft:bucket":7,"minecraft:ender_eye":4,"minecraft:wooden_shovel":5,"minecraft:iron_pickaxe":19,"minecraft:tipped_arrow":1,"ecologics:walnut_log":8,"ecologics:coconut_seedling":6,"minecraft:spruce_stairs":1,"iceandfire:rotten_egg":1,"minecraft:diorite":701,"minecraft:goat_horn":4,"quark:blossom_planks":244,"minecraft:rotten_flesh":2241,"ecologics:coconut_log":28,"luminousworld:tall_deadbush":6,"minecraft:deepslate_brick_stairs":14,"minecraft:obsidian":40,"minecraft:blaze_powder":10,"minecraft:cobblestone":7983,"minecraft:enchanting_table":3,"ecologics:walnut_planks":2,"luminousworld:savannah_ground":13,"minecraft:andesite":632,"minecraft:golden_leggings":4,"minecraft:potato":25,"cgm:heavy_rifle":1,"minecraft:dirt":1801,"minecraft:name_tag":3,"minecraft:bone":1135,"minecraft:acacia_planks":101,"minecraft:bow":27,"minecraft:wheat_seeds":5396,"minecraft:grindstone":2,"minecraft:fletching_table":4,"minecraft:bamboo":18,"iceandfire:podium_spruce":3,"earthmobsmod:harder_flesh":6,"minecraft:nether_brick_stairs":3,"minecraft:grass_block":6,"minecraft:mossy_cobblestone":49,"cgm:shell":768,"minecraft:sugar":4,"minecraft:crossbow":1,"minecraft:bone_meal":8,"minecraft:golden_apple":3,"minecraft:emerald":50,"iceandfire:tide_trident":1,"minecraft:netherrack":135,"iceandfire:silver_nugget":100,"minecraft:oak_leaves":1,"born_in_chaos_v1:diamond_termite_shard":14,"minecraft:azure_bluet":1,"born_in_chaos_v1:river_mint":2,"minecraft:brown_mushroom":4,"minecraft:stone_brick_wall":4,"minecraft:chain":5,"minecraft:shield":2,"luminousworld:white_oak_plank":14,"endrem:nether_eye":1,"minecraft:note_block":3,"quark:deepslate_furnace":1,"minecraft:cookie":30,"born_in_chaos_v1:charmof_endurance":1,"minecraft:stone_pressure_plate":1,"minecraft:pumpkin_pie":2,"minecraft:nether_bricks":16,"artifacts:cross_necklace":1,"mutantmonsters:mutant_skeleton_rib":5,"minecraft:nether_brick_wall":1,"born_in_chaos_v1:intoxicatind_bomb":3,"minecraft:skeleton_skull":4,"born_in_chaos_v1:corpse_maggot":264,"minecraft:netherite_boots":3,"minecraft:leather":192,"minecraft:crimson_fungus":33,"minecraft:chainmail_chestplate":17,"artifacts:superstitious_hat":1,"minecraft:yellow_bed":5,"minecraft:gunpowder":215,"minecraft:cooked_mutton":44,"minecraft:rabbit_hide":42,"minecraft:spruce_wood":3,"minecraft:iron_ingot":157,"born_in_chaos_v1:chipped_black_argillite_brick":1,"minecraft:cooked_chicken":3,"minecraft:warped_fungus":7,"quark:red_corundum_cluster":35,"iceandfire:ash":2,"minecraft:quartz":212,"minecraft:dandelion":6,"minecraft:amethyst_shard":18,"luminousworld:whiteoaklog":13,"minecraft:pumpkin_seeds":20,"minecraft:chainmail_leggings":10,"minecraft:mossy_cobblestone_stairs":2,"aether:golden_dart":8,"minecraft:sunflower":2,"minecraft:seagrass":11,"minecraft:iron_chestplate":17,"minecraft:prismarine_shard":15,"minecraft:chainmail_boots":9,"minecraft:flower_pot":2,"minecraft:creeper_head":3,"minecraft:anvil":1,"minecraft:diamond_sword":3,"minecraft:oak_stairs":170,"minecraft:brewing_stand":1,"minecraft:golden_sword":2,"minecraft:amethyst_block":5,"born_in_chaos_v1:mesh_door":3,"minecraft:red_nether_bricks":10,"minecraft:beetroot":26,"minecraft:gold_nugget":219,"minecraft:cobbled_deepslate":7142,"aether:holystone_pickaxe":1,"minecraft:spruce_planks":11,"minecraft:coal_block":29,"minecraft:melon_slice":43,"cgm:advanced_bullet":256,"minecraft:mangrove_log":10,"ecologics:crab_claw":1,"iceandfire:ghost_sword":1,"minecraft:golden_helmet":7,"minecraft:green_bed":2,"born_in_chaos_v1:pileof_dark_metal":1,"minecraft:cherry_log":7,"mutantmonsters:mutant_skeleton_pelvis":2,"minecraft:rabbit_foot":3,"luminousworld:grassflowers":5,"quark:clear_shard":4,"minecraft:tropical_fish":3,"minecraft:cyan_terracotta":25,"minecraft:birch_log":23,"minecraft:magma_block":1,"minecraft:mossy_cobblestone_slab":1,"minecraft:jungle_log":2,"minecraft:jungle_wood":2,"minecraft:smoker":1,"ironchest:copper_chest":2,"minecraft:brown_candle":10,"minecraft:light_gray_concrete_powder":7,"undead_revamp2:blacpetalblock":20,"luminousworld:elephant_grass":9,"minecraft:glowstone_dust":123,"minecraft:pitcher_pod":1,"iceandfire:dragonscales_amythest":32,"minecraft:warped_wart_block":1,"iceandfire:shiny_scales":1,"minecraft:dark_oak_log":52,"minecraft:barrel":15,"undead_revamp2:heavytooth":12,"minecraft:bundle":55,"alexsmobs:kangaroo_hide":6,"quark:blossom_planks_stairs":10,"minecraft:chainmail_helmet":6,"minecraft:bread":42,"minecraft:dark_oak_fence":37,"minecraft:bricks":2,"luminousworld:groundpebbles_1":16,"minecraft:coarse_dirt":7,"minecraft:crafting_table":3,"iceandfire:witherbone":57,"minecraft:nether_wart":72,"ecologics:seashell":16,"luminousworld:trout":1,"cgm:shotgun":1,"iceandfire:bestiary":3,"minecraft:music_disc_otherside":3,"minecraft:beef":47,"born_in_chaos_v1:gnawed_bones":20,"minecraft:iron_nugget":42,"quark:yellow_blossom_sapling":35,"minecraft:chest":8,"minecraft:egg":40,"quark:green_corundum_cluster":29,"minecraft:oak_door":8,"ironchest:iron_chest":7,"minecraft:carrot":2664,"minecraft:redstone":1377,"minecraft:prismarine_crystals":23,"minecraft:tnt":10,"born_in_chaos_v1:charmof_fury":1,"luminousworld:decorative_brown_mushroom_1":1,"minecraft:beetroot_seeds":58,"born_in_chaos_v1:wood_splitter_axe":5,"artifacts:snowshoes":1,"minecraft:deepslate_bricks":74,"minecraft:gold_ingot":7,"tombstone:essence_of_undeath":6,"minecraft:glow_berries":5,"alexsmobs:kangaroo_meat":5,"minecraft:white_wool":47,"minecraft:stripped_oak_log":1,"enemyexpansion:horsehead_helmet":1,"alexsmobs:acacia_blossom":6,"minecraft:red_mushroom":36,"minecraft:oak_log":180,"minecraft:golden_boots":3,"mutantmonsters:mutant_skeleton_limb":8,"minecraft:white_banner":14,"tombstone:gift":1,"iceandfire:pixie_jar_empty":1,"minecraft:stone_bricks":15,"mowziesmobs:umvuthana_mask_rage":1,"minecraft:kelp":9,"earthmobsmod:fancy_feather":8,"minecraft:cobweb":13,"minecraft:glass_bottle":7,"minecraft:mangrove_planks":9,"minecraft:iron_sword":67,"elevatorid:elevator_white":4,"endrem:witch_pupil":2,"enemyexpansion:phantom_eye":6,"born_in_chaos_v1:ethereal_spirit":69,"minecraft:gravel":657,"minecraft:birch_stairs":1,"minecraft:spruce_log":6,"minecraft:stone_axe":21,"undead_revamp2:beespheromones":1,"minecraft:scute":1,"minecraft:gray_wool":6,"minecraft:ender_pearl":12,"minecraft:chiseled_deepslate":1,"minecraft:wheat":2506,"minecraft:potion":2,"tombstone:grave_key":1,"born_in_chaos_v1:black_argillite":14,"mutantmonsters:mutant_skeleton_skull":1,"minecraft:raw_copper":165,"aether:diamond_gloves":1,"minecraft:smooth_stone_slab":6,"minecraft:iron_leggings":12,"minecraft:armor_stand":16,"minecraft:zombie_head":20,"minecraft:sea_pickle":1,"earthmobsmod:duck_egg":3,"minecraft:calcite":5,"minecraft:iron_boots":19,"minecraft:furnace":4,"minecraft:stick":84,"born_in_chaos_v1:phantom_powder":7,"tombstone:decorative_grave_original":2,"minecraft:oak_fence":16,"minecraft:torch":133,"luminousworld:savannah_soil":12,"minecraft:porkchop":43,"tombstone:grave_dust":225,"born_in_chaos_v1:nightmare_claw":17,"supplementaries:flax":184,"mutantmonsters:hulk_hammer":3,"minecraft:mangrove_stairs":8,"supplementaries:antique_ink":5,"quark:blossom_chest":31,"artifacts:panic_necklace":1,"aether:iron_ring":1,"mutantmonsters:mutant_skeleton_shoulder_pad":2,"minecraft:cod":3,"undead_revamp2:arapholia":24,"ecologics:walnut":13,"minecraft:tuff":1835,"supplementaries:flax_seeds":374,"undead_revamp2:huntereye":2,"minecraft:wither_skeleton_skull":4,"minecraft:lapis_lazuli":2298,"born_in_chaos_v1:staffofthe_summoner":1,"born_in_chaos_v1:monster_skin":47,"minecraft:raw_gold":500,"minecraft:cobbled_deepslate_slab":2,"minecraft:oak_planks":65,"minecraft:cooked_porkchop":450,"minecraft:music_disc_13":5,"minecraft:poisonous_potato":3,"minecraft:sand":122,"undead_revamp2:acidsack":1,"quark:red_corundum":2,"minecraft:orange_wool":3,"minecraft:dark_prismarine":28,"minecraft:light_gray_concrete":8,"born_in_chaos_v1:fire_dust":4,"minecraft:diamond":91,"aether:ambrosium_shard":1,"aether:golden_amber":1,"minecraft:oak_sapling":20,"minecraft:allium":4,"artifacts:night_vision_goggles":1,"minecraft:chicken":2,"minecraft:chest_minecart":2,"iceandfire:fire_lily":1,"minecraft:cooked_rabbit":1,"minecraft:diamond_horse_armor":1,"minecraft:iron_axe":8,"luminousworld:sunny":1,"takesapillage:ravager_horn":2,"ecologics:walnut_sapling":3,"minecraft:player_head":49,"minecraft:light_gray_wool":12,"minecraft:sugar_cane":196,"minecraft:phantom_membrane":20,"minecraft:dark_oak_sapling":3,"minecraft:raw_iron":2569,"iceandfire:dragonbone":11,"ecologics:coconut_slice":136,"minecraft:copper_ingot":34,"minecraft:stone_button":1,"minecraft:iron_horse_armor":3,"minecraft:dark_oak_planks":16,"minecraft:arrow":468,"minecraft:saddle":5,"born_in_chaos_v1:fused_bone":16,"artifacts:digging_claws":2,"minecraft:glow_ink_sac":10,"minecraft:salmon":5,"minecraft:birch_planks":3,"iceandfire:ectoplasm":7,"minecraft:nether_wart_block":1,"minecraft:cobblestone_stairs":34,"quark:forgotten_hat":1,"quark:music_disc_crickets":2,"aether:victory_medal":3,"ecologics:crab_meat":2,"minecraft:acacia_sapling":92,"mowziesmobs:umvuthana_mask_misery":1,"minecraft:soul_sand":25,"minecraft:book":121,"minecraft:pumpkin":15,"minecraft:pitcher_plant":1,"born_in_chaos_v1:black_argillitepressureplate":2,"minecraft:raw_iron_block":9,"born_in_chaos_v1:dark_rod":9,"minecraft:blast_furnace":2,"minecraft:white_bed":2,"minecraft:gold_ore":11,"minecraft:spider_eye":98,"undead_revamp2:rawbostrox":5,"alexsmobs:raw_catfish":1,"minecraft:iron_helmet":17,"iceandfire:sea_serpent_scales_red":10,"tombstone:magic_scroll":38,"minecraft:black_wool":3,"minecraft:coal":1804},"minecraft:broken":{"minecraft:diamond_helmet":1,"minecraft:iron_leggings":12,"iceandfire:armor_silver_metal_chestplate":1,"minecraft:chainmail_leggings":1,"minecraft:diamond_leggings":1,"aether:iron_gloves":1,"minecraft:stone_hoe":1,"minecraft:wooden_pickaxe":1,"minecraft:shield":10,"vanillaplustools:stone_hammer":14,"vanillaplustools:stone_shovel":2,"mutantmonsters:hulk_hammer":1,"born_in_chaos_v1:nightmare_mantleofthe_night_boots":1,"minecraft:stone_pickaxe":5,"minecraft:diamond_boots":1,"minecraft:stone_axe":8,"minecraft:stone_shovel":1,"minecraft:diamond_chestplate":1,"minecraft:iron_boots":14,"minecraft:iron_chestplate":11,"iceandfire:silver_sword":1,"minecraft:chainmail_boots":1,"minecraft:iron_sword":3,"minecraft:bow":1,"iceandfire:armor_silver_metal_leggings":1,"minecraft:chainmail_helmet":1,"minecraft:iron_axe":2,"minecraft:iron_helmet":17,"iceandfire:silver_axe":1,"minecraft:golden_helmet":1,"vanillaplustools:iron_hammer":1,"iceandfire:armor_silver_metal_boots":1,"born_in_chaos_v1:wood_splitter_axe":1,"minecraft:golden_chestplate":1,"minecraft:leather_boots":1},"minecraft:custom":{"minecraft:interact_with_crafting_table":518,"minecraft:damage_blocked_by_shield":22772,"minecraft:play_time":5161626,"minecraft:deaths":120,"minecraft:jump":62595,"minecraft:play_record":10,"tombstone:trade_grave_guardian":11,"tombstone:use_disenchantment":10,"tombstone:undead_killed":1736,"tombstone:create_ancient_item":1,"minecraft:interact_with_smoker":60,"minecraft:horse_one_cm":10205001,"minecraft:interact_with_anvil":108,"tombstone:raider_killed":67,"minecraft:tune_noteblock":44,"minecraft:time_since_rest":160950,"minecraft:swim_one_cm":519036,"minecraft:open_chest":6618,"minecraft:damage_resisted":529,"minecraft:play_noteblock":9,"minecraft:talked_to_villager":58,"minecraft:interact_with_brewingstand":8,"tombstone:villager_killed":1,"minecraft:fill_cauldron":1,"minecraft:damage_dealt_resisted":37922,"minecraft:damage_taken":149054,"minecraft:open_barrel":221,"goblintraders:trade_with_goblin":121,"minecraft:eat_cake_slice":2,"minecraft:leave_game":48,"minecraft:time_since_death":895122,"minecraft:enchant_item":14,"minecraft:interact_with_furnace":321,"minecraft:traded_with_villager":15,"minecraft:sleep_in_bed":53,"minecraft:damage_dealt":649475,"minecraft:interact_with_smithing_table":13,"minecraft:damage_dealt_absorbed":191,"minecraft:sneak_time":46884,"minecraft:interact_with_blast_furnace":440,"minecraft:total_world_time":5161626,"minecraft:interact_with_stonecutter":34,"tombstone:pray_on_grave":4,"tombstone:cast_on_ally":0,"minecraft:fly_one_cm":11988032,"minecraft:fall_one_cm":1671022,"minecraft:animals_bred":345,"minecraft:sprint_one_cm":11816742,"minecraft:drop":447,"minecraft:walk_on_water_one_cm":555759,"minecraft:player_kills":2,"minecraft:crouch_one_cm":117398,"minecraft:mob_kills":3693,"tombstone:use_vanishing":1,"minecraft:climb_one_cm":35610,"minecraft:walk_one_cm":13390370,"tombstone:consume_soul":21,"minecraft:walk_under_water_one_cm":361038,"minecraft:interact_with_grindstone":4,"minecraft:damage_absorbed":907,"minecraft:trigger_trapped_chest":7},"minecraft:killed_by":{"undead_revamp2:the_moonflower":9,"minecraft:zombie":6,"born_in_chaos_v1:scarlet_persecutor":1,"undead_revamp2:thepregnant":1,"enemyexpansion:vampflyer":1,"enemyexpansion:invisicreeper":1,"enemyexpansion:goblin":1,"enemyexpansion:vampire":1,"mutantmonsters:mutant_skeleton":1,"iceandfire:cyclops":4,"born_in_chaos_v1:zombie_bruiser":1,"enemyexpansion:meature":1,"enemyexpansion:equestrian":1,"takesapillage:archer":15,"undead_revamp2:thehorrors":1,"undead_revamp2:therod":1,"minecraft:skeleton":4,"born_in_chaos_v1:corpse_fish":1,"luminousworld:savannah_skeleton":1,"born_in_chaos_v1:nightmare_stalker":19,"minecraft:pillager":2,"mutantmonsters:mutant_creeper":1,"minecraft:husk":4,"creeperoverhaul:beach_creeper":1,"undead_revamp2:thesomnolence":1,"undead_revamp2:theswarmer":1,"alexsmobs:bison":2,"undead_revamp2:thespitter":2,"enemyexpansion:botfly":1,"iceandfire:ghost":1,"mutantmonsters:mutant_zombie":1,"minecraft:wither_skeleton":4,"minecraft:creeper":1,"born_in_chaos_v1:corpse_fly":1,"minecraft:cave_spider":2,"minecraft:blaze":1,"minecraft:witch":1,"undead_revamp2:theheavy":1,"minecraft:player":1,"enemyexpansion:trollenraged":2,"minecraft:spider":1,"minecraft:enderman":2,"born_in_chaos_v1:fallen_chaos_knight":1,"minecraft:bee":1,"born_in_chaos_v1:missioner":1},"minecraft:mined":{"minecraft:cut_sandstone_slab":2,"minecraft:white_bed":2,"iceandfire:copper_pile":23,"minecraft:red_nether_bricks":10,"minecraft:granite":662,"minecraft:acacia_log":292,"minecraft:nether_wart":23,"ironchest:copper_chest":2,"luminousworld:savanna_grass_2":21,"minecraft:spawner":37,"minecraft:magma_block":4,"quark:blossom_chest":20,"minecraft:mossy_cobblestone_stairs":3,"minecraft:fire":120,"minecraft:barrel":14,"minecraft:cobbled_deepslate":181,"minecraft:fletching_table":4,"minecraft:deepslate_lapis_ore":142,"minecraft:nether_brick_stairs":3,"iceandfire:gold_pile":30,"minecraft:light_gray_concrete":8,"minecraft:spruce_wood":4,"minecraft:player_head":21,"minecraft:tripwire":3,"quark:red_corundum_cluster":31,"minecraft:kelp_plant":1,"minecraft:smoker":1,"born_in_chaos_v1:infected_deepslate_diamond_ore":4,"minecraft:torch":34,"minecraft:note_block":3,"minecraft:melon":7,"minecraft:dead_bush":1,"quark:blossom_log":548,"minecraft:creeper_wall_head":3,"minecraft:sugar_cane":103,"minecraft:bricks":2,"born_in_chaos_v1:black_argillite_button":3,"minecraft:amethyst_block":13,"minecraft:jungle_wood":3,"minecraft:grass":1214,"luminousworld:grassvariant_3":27,"tombstone:decorative_grave_simple":2,"minecraft:smooth_basalt":19,"minecraft:brown_candle":3,"minecraft:deepslate":10307,"luminousworld:savannah_ground":13,"quark:red_corundum":2,"minecraft:dark_prismarine":29,"minecraft:mossy_cobblestone":61,"minecraft:nether_brick_wall":1,"minecraft:dark_oak_log":44,"minecraft:dark_oak_fence":38,"luminousworld:whiteoakleaves":2,"born_in_chaos_v1:gnawed_bones":7,"supplementaries:rope":3,"minecraft:redstone_ore":65,"supplementaries:flax":19,"minecraft:green_terracotta":53,"minecraft:andesite":1095,"minecraft:vine":9,"minecraft:rail":10,"quark:yellow_blossom_sapling":11,"iceandfire:podium_spruce":3,"luminousworld:savannah_soil":8,"minecraft:redstone_block":2,"minecraft:glass_pane":5,"minecraft:soul_sand":25,"minecraft:dandelion":7,"minecraft:cornflower":1,"ecologics:walnut_leaves":5,"undead_revamp2:blacpetalblock":1,"luminousworld:auburnlog":7,"minecraft:lightning_rod":3,"minecraft:tall_grass":235,"minecraft:copper_ore":56,"minecraft:deepslate_gold_ore":267,"minecraft:diorite":1211,"minecraft:warped_wart_block":1,"minecraft:coarse_dirt":10,"quark:green_corundum":1,"iceandfire:silver_pile":30,"minecraft:sunflower":2,"minecraft:gravel":826,"minecraft:cobweb":231,"minecraft:stone_bricks":21,"minecraft:gold_ore":71,"minecraft:fern":27,"minecraft:stone_pressure_plate":1,"minecraft:oak_sapling":2,"tombstone:decorative_grave_original":2,"minecraft:brewing_stand":1,"minecraft:budding_amethyst":1,"ecologics:coconut_leaves":3,"minecraft:frosted_ice":2,"minecraft:mossy_cobblestone_slab":1,"supplementaries:ash":26,"born_in_chaos_v1:black_argillite_brick_stairs":10,"supplementaries:stick":3,"minecraft:iron_bars":1,"luminousworld:creepbush":13,"minecraft:deepslate_redstone_ore":241,"minecraft:medium_amethyst_bud":2,"iceandfire:fire_lily":1,"minecraft:nether_quartz_ore":124,"minecraft:wither_skeleton_wall_skull":3,"minecraft:oak_planks":64,"minecraft:wall_torch":43,"minecraft:warped_nylium":2,"born_in_chaos_v1:fired_black_argillite":8,"born_in_chaos_v1:river_mint":1,"minecraft:tnt":5,"minecraft:smooth_stone_slab":7,"minecraft:oak_log":156,"minecraft:beetroots":23,"minecraft:lime_terracotta":36,"minecraft:dirt":1013,"luminousworld:savannah_grass_4":13,"ecologics:coconut_planks":92,"minecraft:dark_oak_leaves":3,"luminousworld:grassvariant_4":9,"born_in_chaos_v1:infected_diamond_ore":17,"minecraft:stone_button":1,"luminousworld:white_oak_plank":14,"minecraft:cracked_nether_bricks":3,"luminousworld:groundpebbles_3":1,"minecraft:hay_block":6,"luminousworld:auburn_sapling":1,"supplementaries:gunpowder":1,"minecraft:bookshelf":24,"minecraft:deepslate_iron_ore":710,"minecraft:shroomlight":4,"minecraft:stripped_oak_log":1,"iceandfire:pixie_jar_empty":1,"minecraft:acacia_leaves":57,"minecraft:oak_fence":16,"luminousworld:savannah_grass_1":19,"minecraft:deepslate_coal_ore":15,"iceandfire:ash":5,"minecraft:mangrove_planks":9,"minecraft:white_wall_banner":6,"elevatorid:elevator_white":4,"minecraft:flower_pot":1,"minecraft:stripped_acacia_wood":3,"minecraft:dark_oak_planks":6,"luminousworld:autumnleaves":19,"minecraft:jungle_leaves":7,"minecraft:obsidian":43,"minecraft:stone_brick_wall":6,"quark:green_corundum_cluster":25,"minecraft:deepslate_bricks":79,"minecraft:coal_block":27,"minecraft:crimson_fungus":1,"minecraft:oxeye_daisy":1,"minecraft:tall_seagrass":2,"minecraft:pumpkin":14,"minecraft:enchanting_table":3,"minecraft:oak_sign":1,"minecraft:dirt_path":74,"minecraft:oak_stairs":184,"minecraft:small_amethyst_bud":2,"minecraft:deepslate_brick_stairs":14,"minecraft:brown_mushroom":4,"minecraft:player_wall_head":23,"minecraft:amethyst_cluster":3,"minecraft:blast_furnace":2,"minecraft:polished_andesite_stairs":2,"minecraft:glass":1,"minecraft:skeleton_skull":5,"ecologics:seashell":8,"minecraft:wheat":131,"minecraft:warped_fungus":7,"minecraft:potted_poppy":1,"minecraft:oak_fence_gate":4,"minecraft:zombie_wall_head":2,"minecraft:red_mushroom_block":93,"minecraft:stonecutter":2,"minecraft:yellow_terracotta":13,"iceandfire:silver_ore":69,"minecraft:nether_bricks":20,"born_in_chaos_v1:black_argillite":66,"iceandfire:deepslate_silver_ore":11,"luminousworld:grassvariant_2":64,"minecraft:acacia_wood":4,"minecraft:potatoes":3,"ironchest:iron_chest":7,"minecraft:bamboo":4,"luminousworld:groundpebbles_2":1,"minecraft:light_gray_carpet":4,"minecraft:mangrove_stairs":8,"minecraft:gray_concrete":2,"minecraft:light_gray_concrete_powder":7,"luminousworld:grassflowers":5,"luminousworld:whiteoaklog":13,"minecraft:birch_leaves":18,"quark:deepslate_furnace":1,"luminousworld:ishstone":303,"minecraft:pitcher_crop":2,"minecraft:zombie_head":17,"minecraft:acacia_planks":62,"luminousworld:elephant_grass":9,"minecraft:large_amethyst_bud":1,"minecraft:spruce_planks":12,"iceandfire:graveyard_soil":14,"luminousworld:yellowpetunias":1,"quark:yellow_blossom_leaves":1199,"minecraft:cobblestone_stairs":34,"minecraft:grass_block":425,"iceandfire:lectern":4,"quark:acacia_bookshelf":5,"minecraft:smooth_stone":9,"minecraft:raw_iron_block":9,"minecraft:glowstone":35,"minecraft:iron_ore":1142,"quark:blossom_planks":241,"minecraft:anvil":1,"minecraft:azure_bluet":1,"ecologics:walnut_log":8,"luminousworld:decorative_brown_2":3,"minecraft:green_bed":2,"minecraft:cyan_terracotta":35,"minecraft:blackstone":3,"luminousworld:tall_deadbush":7,"minecraft:clay":1,"minecraft:calcite":22,"minecraft:poppy":4,"minecraft:chest":3,"born_in_chaos_v1:black_argillite_column_slab":3,"minecraft:mushroom_stem":10,"minecraft:cobblestone":1487,"minecraft:slime_block":1,"minecraft:grindstone":2,"placeablesmod:bread_full_block":1,"twilightforest:mangrove_chest":2,"minecraft:deepslate_copper_ore":15,"minecraft:seagrass":2,"minecraft:acacia_sapling":17,"minecraft:nether_wart_block":1,"minecraft:light_gray_wool":14,"minecraft:sand":81,"born_in_chaos_v1:black_argillite_wall":2,"minecraft:netherrack":161,"minecraft:oak_leaves":84,"minecraft:nether_gold_ore":5,"minecraft:diamond_ore":3,"minecraft:red_carpet":1,"minecraft:tuff":2032,"minecraft:deepslate_diamond_ore":50,"minecraft:oak_door":5,"luminousworld:decorative_brown_mushroom_1":1,"ecologics:coconut_log":28,"quark:acacia_chest":18,"luminousworld:autumnfence":22,"minecraft:furnace":4,"minecraft:carrots":6,"minecraft:stone":9192,"minecraft:crafting_table":3,"born_in_chaos_v1:chipped_black_argillite_brick":3,"minecraft:lapis_ore":90,"supplementaries:urn":82,"minecraft:spruce_stairs":1,"minecraft:gray_wool":7,"quark:blossom_planks_stairs":10,"minecraft:redstone_torch":1,"minecraft:yellow_bed":5,"minecraft:coal_ore":1294,"ecologics:hanging_coconut":12,"ecologics:walnut_planks":2,"minecraft:polished_andesite":19,"ecologics:coconut_seedling":1},"minecraft:crafted":{"minecraft:black_dye":3,"quark:deepslate_furnace":1,"quark:acacia_bookshelf":35,"born_in_chaos_v1:nightmare_mantleofthe_night_chestplate":1,"sophisticatedbackpacks:smelting_upgrade":1,"minecraft:diamond_helmet":2,"vanillaplustools:stone_shovel":2,"alexsmobs:cooked_catfish":1,"iceandfire:wither_shard":9,"minecraft:sticky_piston":1,"sophisticatedbackpacks:auto_smelting_upgrade":1,"minecraft:iron_pickaxe":26,"quark:blossom_door":3,"iceandfire:silver_sword":1,"minecraft:golden_carrot":60,"vanillaplustools:stone_hammer":19,"ecologics:coconut_planks":92,"tombstone:blue_marble":4,"born_in_chaos_v1:smoked_monster_flesh":6,"minecraft:terracotta":12,"luminousworld:white_oak_plank":52,"minecraft:stone_pickaxe":178,"minecraft:lead":2,"iceandfire:dragonbone_sword":1,"ironchest:wood_to_iron_chest_upgrade":36,"minecraft:enchanting_table":1,"sophisticatedbackpacks:gold_backpack":7,"minecraft:orange_dye":4,"minecraft:armor_stand":4,"minecraft:cooked_chicken":3,"iceandfire:armor_amythest_leggings":1,"minecraft:lightning_rod":6,"minecraft:stone":82,"born_in_chaos_v1:dark_metal_ingot":7,"mutantmonsters:mutant_skeleton_arms":1,"minecraft:bow":7,"minecraft:copper_block":6,"born_in_chaos_v1:pileof_dark_metal":7,"minecraft:golden_boots":1,"tombstone:decorative_grave_original":2,"minecraft:arrow":40,"minecraft:cauldron":1,"minecraft:iron_helmet":13,"tombstone:decorative_grave_simple":1,"minecraft:red_wool":13,"supplementaries:rope":153,"sophisticatedbackpacks:upgrade_base":3,"minecraft:tnt":6,"born_in_chaos_v1:staffofthe_summoner":1,"minecraft:stick":948,"minecraft:iron_ingot":3118,"ironchest:copper_to_iron_chest_upgrade":1,"tombstone:decorative_subaraki_grave":1,"born_in_chaos_v1:nightmare_mantleofthe_night_leggings":1,"born_in_chaos_v1:nightmare_mantleofthe_night_boots":1,"minecraft:furnace":7,"minecraft:blast_furnace":3,"minecraft:piston":1,"minecraft:flint_and_steel":1,"quark:acacia_chest":43,"born_in_chaos_v1:bone_handle":3,"supplementaries:bomb":24,"luminousworld:white_oakfencegate":4,"cgm:workbench":2,"minecraft:glistering_melon_slice":1,"elevatorid:elevator_white":2,"iceandfire:silver_ingot":119,"born_in_chaos_v1:nightmare_scythe":1,"minecraft:iron_sword":2,"minecraft:cooked_salmon":16,"elevatorid:elevator_red":4,"iceandfire:armor_amythest_boots":1,"ironchest:copper_chest":1,"minecraft:mangrove_planks":12,"born_in_chaos_v1:bone_heart":4,"minecraft:jungle_planks":4,"sophisticatedbackpacks:pickup_upgrade":1,"minecraft:white_dye":6,"tombstone:dark_marble":24,"tombstone:seeker_rod":1,"minecraft:stonecutter":1,"minecraft:anvil":1,"minecraft:torch":1424,"minecraft:diamond_chestplate":2,"ironchest:iron_chest":9,"minecraft:light_gray_concrete_powder":8,"minecraft:smooth_stone":5,"iceandfire:armor_amythest_chestplate":1,"ecologics:walnut_planks":16,"supplementaries:soap":12,"minecraft:bookshelf":4,"minecraft:cooked_mutton":5,"minecraft:deepslate_brick_stairs":20,"minecraft:glass":1,"iceandfire:armor_silver_metal_chestplate":1,"vanillaplustools:iron_hammer":3,"minecraft:diamond_leggings":1,"tombstone:dust_of_vanishing":2,"minecraft:mangrove_stairs":4,"iceandfire:dragonbone_arrow":35,"aether:diamond_gloves":1,"minecraft:acacia_fence":12,"minecraft:cooked_rabbit":1,"iceandfire:silver_axe":1,"minecraft:deepslate":7,"minecraft:emerald":9,"minecraft:cooked_porkchop":40,"minecraft:copper_ingot":535,"minecraft:hay_block":2,"minecraft:iron_block":3,"minecraft:gold_ingot":706,"minecraft:light_gray_dye":8,"tombstone:book_of_disenchantment":10,"minecraft:stone_shovel":19,"minecraft:smooth_stone_slab":6,"minecraft:leather_leggings":1,"tombstone:strange_tablet":6,"iceandfire:armor_amythest_helmet":1,"minecraft:bone_meal":6,"quark:blossom_chest":96,"minecraft:orange_wool":3,"born_in_chaos_v1:pieceofdarkmetal":9,"minecraft:diamond":3,"minecraft:dark_oak_fence":96,"minecraft:deepslate_brick_wall":19,"undead_revamp2:bostroxsword":1,"minecraft:diamond_boots":1,"iceandfire:armor_silver_metal_boots":1,"minecraft:dark_oak_planks":168,"tombstone:strange_scroll":3,"minecraft:wheat":54,"minecraft:coal_block":67,"luminousworld:autumnplank":28,"minecraft:glowstone":21,"ironchest:iron_to_gold_chest_upgrade":7,"minecraft:golden_apple":18,"minecraft:oak_stairs":48,"minecraft:iron_leggings":11,"ecologics:walnut_sign":6,"minecraft:oak_planks":380,"undead_revamp2:toothmace":1,"iceandfire:ghost_sword":1,"minecraft:hopper":3,"minecraft:iron_boots":12,"luminousworld:autumnfence":21,"minecraft:raw_copper":45,"iceandfire:armor_silver_metal_leggings":1,"tombstone:grave_key":1,"minecraft:stone_hoe":3,"tombstone:green_marble":5,"minecraft:smoker":1,"supplementaries:rope_arrow":2,"quark:blossom_planks":2064,"sophisticatedbackpacks:backpack":2,"born_in_chaos_v1:smoked_fish":8,"minecraft:crafting_table":2,"minecraft:spruce_planks":16,"minecraft:wooden_pickaxe":1,"minecraft:baked_potato":28,"sophisticatedbackpacks:feeding_upgrade":1,"minecraft:birch_planks":16,"minecraft:brewing_stand":1,"minecraft:pumpkin_seeds":4,"iceandfire:copper_sword":1,"iceandfire:dragonbone_bow":1,"minecraft:diamond_pickaxe":1,"minecraft:book":48,"minecraft:iron_chestplate":10,"minecraft:paper":147,"minecraft:charcoal":23,"minecraft:shield":9,"minecraft:shears":1,"quark:blossom_planks_stairs":12,"minecraft:cherry_planks":8,"minecraft:raw_iron":45,"minecraft:coal":1,"minecraft:gray_dye":4,"minecraft:leather":187,"minecraft:iron_axe":4,"alexsmobs:kangaroo_burger":10,"sophisticatedbackpacks:iron_backpack":4,"minecraft:cooked_beef":47,"minecraft:red_dye":22,"minecraft:cooked_cod":10,"tombstone:grave_dust":14,"minecraft:diamond_sword":2,"iceandfire:tide_trident":1,"alexsmobs:cooked_kangaroo_meat":5,"tombstone:ankh_of_pray":1,"minecraft:bucket":1,"minecraft:stone_axe":12,"minecraft:air":0,"minecraft:bread":866,"tombstone:decorative_grave_cross":1,"minecraft:gold_nugget":415,"minecraft:acacia_planks":752,"undead_revamp2:bostroxingot":5,"minecraft:clay":1},"minecraft:used":{"iceandfire:lectern":3,"aether:zanite_sword":186,"earthmobsmod:fancy_egg":8,"minecraft:warped_sign":1,"ecologics:coconut_planks":133,"minecraft:rotten_flesh":31,"minecraft:soul_sand":1,"ironchest:iron_chest":16,"minecraft:lava_bucket":1,"minecraft:mangrove_stairs":8,"cgm:shotgun":767,"minecraft:bow":212,"minecraft:oak_sapling":24,"minecraft:cooked_cod":10,"minecraft:acacia_fence":12,"minecraft:deepslate_brick_wall":84,"minecraft:wooden_pickaxe":61,"tombstone:seeker_rod":1,"minecraft:golden_apple":21,"minecraft:glow_berries":5,"minecraft:pitcher_pod":2,"minecraft:blast_furnace":5,"illagerinvasion:lost_candle":3,"minecraft:deepslate_brick_stairs":17,"minecraft:zombie_head":4,"born_in_chaos_v1:monster_flesh":2,"minecraft:diamond_sword":1143,"minecraft:smithing_table":1,"minecraft:enchanting_table":4,"iceandfire:silver_sword":289,"minecraft:carved_pumpkin":1,"minecraft:armor_stand":20,"vanillaplustools:stone_hammer":1910,"minecraft:cooked_salmon":16,"minecraft:torch":1445,"earthmobsmod:harder_flesh":3,"minecraft:brewing_stand":1,"quark:yellow_blossom_sapling":32,"minecraft:chainmail_chestplate":1,"minecraft:oak_fence_gate":4,"tombstone:ankh_of_pray":24,"minecraft:iron_block":4,"minecraft:barrel":9,"minecraft:diamond_chestplate":4,"minecraft:gunpowder":1,"quark:blossom_planks":1330,"minecraft:acacia_planks":52,"minecraft:wheat_seeds":255,"alexsmobs:cooked_catfish":1,"minecraft:birch_planks":1,"minecraft:bundle":19,"luminousworld:white_oak_plank":15,"minecraft:cauldron":1,"minecraft:gold_ore":11,"minecraft:deepslate_bricks":1836,"born_in_chaos_v1:black_argillite_brick_stairs":4,"minecraft:rail":1,"vanillaplustools:stone_shovel":263,"minecraft:white_bed":2,"minecraft:diamond_pickaxe":71,"tombstone:magic_scroll":12,"undead_revamp2:toothmace":155,"minecraft:potion":1,"vanillaplustools:iron_hammer":1689,"minecraft:cooked_porkchop":226,"aether:golden_dart_shooter":16,"ecologics:walnut_sign":6,"minecraft:diamond_leggings":2,"iceandfire:ghost_sword":147,"minecraft:creeper_head":3,"minecraft:green_terracotta":29,"minecraft:jungle_planks":3,"minecraft:music_disc_13":3,"minecraft:obsidian":25,"tombstone:decorative_grave_simple":3,"minecraft:lantern":1,"iceandfire:armor_amythest_chestplate":1,"minecraft:skeleton_skull":6,"iceandfire:pixie_jar_empty":1,"minecraft:diamond_boots":4,"minecraft:wither_skeleton_skull":4,"minecraft:stone_pickaxe":742,"minecraft:mangrove_planks":9,"minecraft:oak_planks":44,"tombstone:decorative_grave_cross":1,"minecraft:sugar_cane":19,"iceandfire:podium_spruce":2,"minecraft:crossbow":86,"luminousworld:creepberries":3,"minecraft:dark_oak_log":5,"minecraft:bread":932,"tombstone:grave_key":26,"minecraft:deepslate":1,"ecologics:coconut_slice":105,"born_in_chaos_v1:mesh_door":3,"tombstone:familiar_stone":1,"tombstone:decorative_subaraki_grave":1,"born_in_chaos_v1:rotten_fish":3,"minecraft:cooked_rabbit":2,"minecraft:bone_meal":4,"aether:blue_gummy_swet":2,"minecraft:netherite_sword":142,"minecraft:flint_and_steel":3,"undead_revamp2:blacpetalblock":2,"minecraft:stone_hoe":195,"minecraft:cooked_chicken":6,"minecraft:dirt":1582,"cgm:workbench":1,"minecraft:golden_chestplate":1,"minecraft:iron_hoe":131,"minecraft:oak_stairs":110,"minecraft:iron_boots":7,"minecraft:cooked_beef":100,"minecraft:pumpkin":7,"minecraft:enchanted_golden_apple":1,"minecraft:iron_leggings":6,"tombstone:decorative_grave_original":4,"minecraft:cobblestone_stairs":291,"minecraft:baked_potato":30,"minecraft:red_nether_bricks":8,"minecraft:green_bed":2,"minecraft:music_disc_cat":5,"tombstone:scroll_of_feather_fall":1,"minecraft:spider_eye":2,"tombstone:tablet_of_home":5,"quark:blossom_door":2,"minecraft:stone_axe":996,"aether:golden_parachute":1,"ecologics:coconut_log":5,"alexsmobs:animal_dictionary":9,"enemyexpansion:horsehead_helmet":3,"minecraft:chest":3,"twilightforest:mangrove_chest":2,"minecraft:acacia_sapling":87,"born_in_chaos_v1:smoked_flesh":1,"mutantmonsters:hulk_hammer":143,"supplementaries:ash":7,"minecraft:furnace":7,"minecraft:egg":21,"minecraft:potato":35,"born_in_chaos_v1:nightmare_mantleofthe_night_boots":2,"mowziesmobs:foliaath_seed":2,"minecraft:diorite":155,"naturalist:duck_egg":18,"elevatorid:elevator_white":4,"iceandfire:armor_silver_metal_boots":1,"minecraft:sand":63,"luminousworld:white_oakfencegate":4,"minecraft:pumpkin_seeds":9,"minecraft:lightning_rod":9,"earthmobsmod:duck_egg":2,"supplementaries:flax_seeds":45,"minecraft:dark_oak_fence":135,"iceandfire:fire_lily":1,"ironchest:wood_to_iron_chest_upgrade":34,"minecraft:iron_bars":1,"minecraft:acacia_log":40,"aether:angelic_stone":3,"tombstone:scroll_of_frost_resistance":1,"born_in_chaos_v1:smoked_fish":7,"minecraft:netherrack":1,"minecraft:stick":3,"minecraft:anvil":2,"iceandfire:copper_sword":263,"minecraft:iron_axe":312,"born_in_chaos_v1:nightmare_scythe":1194,"elevatorid:elevator_red":4,"undead_revamp2:huntereye":1,"minecraft:glowstone":10,"tombstone:gift":15,"ecologics:coconut_seedling":6,"minecraft:cobbled_deepslate":1212,"quark:blossom_log":16,"minecraft:water_bucket":195,"minecraft:fletching_table":3,"iceandfire:dragon_skull_lightning":3,"minecraft:lime_terracotta":17,"minecraft:crafting_table":5,"supplementaries:bomb":24,"minecraft:cod":1,"minecraft:oak_log":31,"minecraft:dark_prismarine":10,"tombstone:tablet_of_assistance":3,"minecraft:iron_pickaxe":4947,"aether:golden_gummy_swet":3,"born_in_chaos_v1:staffofthe_summoner":220,"minecraft:cobblestone":2319,"iceandfire:tide_trident":296,"minecraft:iron_shovel":110,"minecraft:shield":758,"minecraft:iron_sword":6641,"minecraft:player_head":39,"luminousworld:savannah_ground":1,"aether:enchanted_berry":2,"minecraft:iron_chestplate":3,"minecraft:carrot":110,"minecraft:tuff":95,"ironchest:copper_to_iron_chest_upgrade":1,"born_in_chaos_v1:corpse_maggot":23,"minecraft:cyan_terracotta":9,"quark:deepslate_furnace":1,"tombstone:tablet_of_cupidity":1,"minecraft:iron_helmet":8,"born_in_chaos_v1:gnawed_bones":8,"minecraft:stone_bricks":8,"ecologics:walnut_planks":2,"quark:blossom_chest":120,"luminousworld:autumnfence":38,"cgm:heavy_rifle":76,"ironchest:copper_chest":3,"minecraft:note_block":1,"iceandfire:silver_axe":279,"minecraft:shears":6,"minecraft:string":6,"ironchest:iron_to_gold_chest_upgrade":7,"minecraft:gravel":46,"born_in_chaos_v1:smoked_monster_flesh":6,"luminousworld:auburn_sapling":2,"minecraft:grindstone":2,"minecraft:andesite":12,"minecraft:chest_minecart":1,"minecraft:experience_bottle":17,"minecraft:cobweb":9,"minecraft:oak_fence":16,"minecraft:music_disc_otherside":2,"minecraft:tropical_fish":1,"minecraft:stone_shovel":271,"minecraft:spruce_planks":5,"minecraft:oak_door":7,"iceandfire:pixie_dust":1,"minecraft:diamond_helmet":5,"minecraft:raw_iron_block":4,"minecraft:granite":14,"minecraft:dark_oak_planks":11,"minecraft:bookshelf":4,"alexsmobs:kangaroo_burger":7,"minecraft:golden_carrot":64,"minecraft:cooked_mutton":49,"tombstone:scroll_of_knowledge":2,"minecraft:iron_ore":162,"minecraft:glass_bottle":4,"undead_revamp2:bostroxsword":108,"minecraft:copper_block":6,"ecologics:walnut_sapling":3,"minecraft:stonecutter":3,"quark:acacia_bookshelf":35,"quark:acacia_chest":52,"minecraft:light_gray_concrete_powder":15,"minecraft:smoker":2,"tombstone:bag_of_seeds":14,"minecraft:apple":5,"iceandfire:dragonbone_bow":22,"quark:blossom_planks_stairs":10,"minecraft:fishing_rod":7,"minecraft:white_banner":14,"minecraft:bucket":196,"born_in_chaos_v1:wood_splitter_axe":2680,"minecraft:yellow_bed":5,"minecraft:smooth_stone":1,"minecraft:chainmail_leggings":1}},"DataVersion":3465}