{"stats":{"minecraft:picked_up":{"minecraft:stick":3,"minecraft:crafting_table":4,"minecraft:feather":2,"minecraft:pumpkin":3,"minecraft:andesite":115,"minecraft:torch":4,"minecraft:dandelion":1,"minecraft:oak_log":17,"minecraft:carrot":26,"minecraft:dirt":47,"minecraft:raw_copper":23,"alexsmobs:kangaroo_burger":1,"minecraft:wheat_seeds":4,"supplementaries:ash":2,"minecraft:acacia_sapling":4,"minecraft:coal":20,"minecraft:cobblestone":556,"minecraft:furnace":1},"minecraft:mined":{"minecraft:furnace":1,"minecraft:carrots":7,"minecraft:andesite":115,"minecraft:pumpkin":3,"minecraft:crafting_table":4,"minecraft:grass":9,"minecraft:grass_block":7,"minecraft:oak_log":17,"minecraft:coal_ore":20,"minecraft:dirt":34,"minecraft:copper_ore":6,"minecraft:stone":544,"minecraft:wall_torch":4,"minecraft:oak_leaves":7},"minecraft:crafted":{"minecraft:oak_door":3,"minecraft:oak_planks":34,"minecraft:crafting_table":2,"minecraft:stick":20,"minecraft:wooden_pickaxe":1,"minecraft:stone_pickaxe":5,"minecraft:stone_sword":1,"minecraft:furnace":3,"minecraft:torch":24,"minecraft:stone_axe":1,"minecraft:smoker":1},"minecraft:broken":{"minecraft:stone_pickaxe":5,"minecraft:wooden_pickaxe":1},"minecraft:used":{"minecraft:stone_sword":2,"minecraft:stone_pickaxe":656,"minecraft:wooden_pickaxe":59,"minecraft:oak_door":2,"minecraft:stone_axe":20,"minecraft:torch":11,"minecraft:dirt":8,"minecraft:crafting_table":6,"minecraft:furnace":1,"minecraft:carrot":21,"minecraft:andesite":1},"minecraft:custom":{"minecraft:time_since_rest":71081,"minecraft:sprint_one_cm":51585,"minecraft:interact_with_furnace":1,"minecraft:damage_taken":220,"minecraft:walk_one_cm":74933,"minecraft:damage_dealt":31,"minecraft:interact_with_crafting_table":21,"minecraft:fly_one_cm":46166,"minecraft:open_chest":11,"minecraft:play_time":71081,"minecraft:sneak_time":32,"minecraft:jump":272,"minecraft:leave_game":30,"minecraft:time_since_death":71081,"minecraft:total_world_time":71081,"minecraft:fall_one_cm":5563}},"DataVersion":3465}