{"stats":{"minecraft:crafted":{"minecraft:oak_door":3,"minecraft:oak_planks":34,"minecraft:crafting_table":2,"minecraft:stick":16,"minecraft:wooden_pickaxe":1,"minecraft:stone_pickaxe":3,"minecraft:stone_sword":1,"minecraft:furnace":3,"minecraft:torch":24,"minecraft:stone_axe":1,"minecraft:smoker":1},"minecraft:broken":{"minecraft:stone_pickaxe":2,"minecraft:wooden_pickaxe":1},"minecraft:used":{"minecraft:stone_sword":1,"minecraft:stone_pickaxe":339,"minecraft:wooden_pickaxe":59,"minecraft:oak_door":2,"minecraft:stone_axe":20,"minecraft:torch":5,"minecraft:dirt":8,"minecraft:crafting_table":5,"minecraft:furnace":1,"minecraft:carrot":15},"minecraft:custom":{"minecraft:time_since_rest":56788,"minecraft:sprint_one_cm":43309,"minecraft:interact_with_furnace":1,"minecraft:damage_taken":120,"minecraft:walk_one_cm":45633,"minecraft:damage_dealt":29,"minecraft:interact_with_crafting_table":19,"minecraft:fly_one_cm":44002,"minecraft:open_chest":11,"minecraft:play_time":56788,"minecraft:sneak_time":24,"minecraft:jump":224,"minecraft:leave_game":30,"minecraft:time_since_death":56788,"minecraft:total_world_time":56788,"minecraft:fall_one_cm":5563},"minecraft:picked_up":{"minecraft:stick":3,"minecraft:crafting_table":4,"minecraft:feather":2,"minecraft:pumpkin":3,"minecraft:andesite":48,"minecraft:dandelion":1,"minecraft:oak_log":17,"minecraft:carrot":26,"minecraft:dirt":47,"minecraft:raw_copper":23,"alexsmobs:kangaroo_burger":1,"minecraft:wheat_seeds":4,"supplementaries:ash":2,"minecraft:acacia_sapling":4,"minecraft:coal":20,"minecraft:cobblestone":306,"minecraft:furnace":1},"minecraft:mined":{"minecraft:furnace":1,"minecraft:carrots":7,"minecraft:andesite":48,"minecraft:pumpkin":3,"minecraft:crafting_table":4,"minecraft:grass":9,"minecraft:grass_block":7,"minecraft:oak_log":17,"minecraft:coal_ore":20,"minecraft:dirt":34,"minecraft:copper_ore":6,"minecraft:stone":294,"minecraft:oak_leaves":7}},"DataVersion":3465}