{
  "minecraft:adventure/adventuring_time": {
    "criteria": {
      "minecraft:sunflower_plains": "2024-07-14 03:17:55 +0000",
      "minecraft:birch_forest": "2024-07-20 13:31:07 +0000",
      "minecraft:bamboo_jungle": "2024-07-20 13:44:42 +0000",
      "minecraft:beach": "2024-07-14 03:17:31 +0000",
      "minecraft:dark_forest": "2024-07-20 13:33:45 +0000",
      "minecraft:sparse_jungle": "2024-07-20 13:45:38 +0000",
      "minecraft:river": "2024-07-14 00:27:32 +0000",
      "minecraft:lukewarm_ocean": "2024-07-24 00:55:07 +0000",
      "minecraft:forest": "2024-07-14 14:10:14 +0000",
      "minecraft:ocean": "2024-07-17 21:25:47 +0000",
      "minecraft:jungle": "2024-07-19 16:27:59 +0000",
      "minecraft:windswept_savanna": "2024-07-24 01:10:01 +0000",
      "minecraft:old_growth_birch_forest": "2024-07-24 00:41:05 +0000",
      "minecraft:savanna": "2024-07-12 14:24:34 +0000",
      "minecraft:plains": "2024-07-06 16:00:23 +0000"
    },
    "done": false
  },
  "explorerscompass:explorers_compass_cracked_stone_bricks": {
    "criteria": {
      "has_recipe": "2024-07-12 14:12:01 +0000"
    },
    "done": true
  },
  "friendsandfoes:misc/yellow_dye_from_buttercup": {
    "criteria": {
      "has_the_recipe": "2024-07-12 14:12:01 +0000"
    },
    "done": true
  },
  "naturescompass:natures_compass_log": {
    "criteria": {
      "has_recipe": "2024-07-12 14:12:01 +0000"
    },
    "done": true
  },
  "naturescompass:natures_compass": {
    "criteria": {
      "has_recipe": "2024-07-12 14:12:01 +0000"
    },
    "done": true
  },
  "naturescompass:natures_compass_sapling": {
    "criteria": {
      "has_recipe": "2024-07-12 14:12:01 +0000"
    },
    "done": true
  },
  "explorerscompass:explorers_compass_cobweb": {
    "criteria": {
      "has_recipe": "2024-07-12 14:12:01 +0000"
    },
    "done": true
  },
  "explorerscompass:explorers_compass": {
    "criteria": {
      "has_recipe": "2024-07-12 14:12:01 +0000"
    },
    "done": true
  },
  "iceandfire:iceandfire/root": {
    "criteria": {
      "tick": "2024-07-12 14:12:02 +0000"
    },
    "done": true
  },
  "takesapillage:root": {
    "criteria": {
      "always": "2024-07-12 14:12:02 +0000"
    },
    "done": true
  },
  "dungeons_arise:wda_root": {
    "criteria": {
      "WDA": "2024-07-12 14:12:02 +0000"
    },
    "done": true
  },
  "undead_revamp2:theundeadchallenges": {
    "criteria": {
      "theundeadchallenges": "2024-07-12 14:12:02 +0000"
    },
    "done": true
  },
  "mowziesmobs:root": {
    "criteria": {
      "custom_test_name": "2024-07-12 14:12:02 +0000"
    },
    "done": true
  },
  "betterdungeons:root": {
    "criteria": {
      "always": "2024-07-12 14:12:02 +0000"
    },
    "done": true
  },
  "placeablesmod:placeables": {
    "criteria": {
      "placeables": "2024-07-12 14:12:02 +0000"
    },
    "done": true
  },
  "eeeabsmobs:eeeabsmobs/root": {
    "criteria": {
      "requirement": "2024-07-12 14:12:02 +0000"
    },
    "done": true
  },
  "betterdeserttemples:root": {
    "criteria": {
      "always": "2024-07-12 14:12:02 +0000"
    },
    "done": true
  },
  "cataclysm:root": {
    "criteria": {
      "custom_test_name": "2024-07-12 14:12:02 +0000"
    },
    "done": true
  },
  "incendium:technical/new_player": {
    "criteria": {
      "requirement": "2024-07-12 14:12:02 +0000"
    },
    "done": true
  },
  "incendium:technical/scroll_of_returning": {
    "criteria": {
      "log_spam_fixer": "2024-07-12 14:12:04 +0000"
    },
    "done": false
  },
  "incendium:technical/using/ragnarok": {
    "criteria": {
      "log_spam_fixer": "2024-07-12 14:12:04 +0000"
    },
    "done": false
  },
  "incendium:technical/using/trailblazer": {
    "criteria": {
      "log_spam_fixer": "2024-07-12 14:12:04 +0000"
    },
    "done": false
  },
  "incendium:technical/using/shield": {
    "criteria": {
      "log_spam_fixer": "2024-07-12 14:12:04 +0000"
    },
    "done": false
  },
  "tombstone:adventure/root": {
    "criteria": {
      "auto": "2024-07-12 14:12:04 +0000"
    },
    "done": true
  },
  "alexsmobs:alexsmobs/root": {
    "criteria": {
      "useitem": "2024-07-12 14:12:37 +0000"
    },
    "done": true
  },
  "minecraft:husbandry/root": {
    "criteria": {
      "consumed_item": "2024-07-12 14:12:37 +0000"
    },
    "done": true
  },
  "minecraft:husbandry/balanced_diet": {
    "criteria": {
      "cooked_porkchop": "2024-07-14 00:04:40 +0000",
      "cooked_mutton": "2024-07-14 14:37:26 +0000",
      "cooked_beef": "2024-07-14 03:50:01 +0000",
      "baked_potato": "2024-07-14 00:16:53 +0000",
      "tropical_fish": "2024-07-28 02:50:32 +0000",
      "apple": "2024-07-12 14:13:37 +0000",
      "spider_eye": "2024-07-30 01:56:28 +0000",
      "potato": "2024-07-12 14:24:07 +0000",
      "cooked_cod": "2024-07-14 22:49:45 +0000",
      "bread": "2024-07-12 14:28:23 +0000",
      "golden_apple": "2024-07-21 01:05:08 +0000",
      "rotten_flesh": "2024-07-27 04:02:00 +0000",
      "glow_berries": "2024-07-27 04:32:04 +0000",
      "golden_carrot": "2024-07-15 21:27:02 +0000",
      "cooked_rabbit": "2024-07-14 22:49:40 +0000",
      "cooked_chicken": "2024-07-18 18:01:58 +0000",
      "enchanted_golden_apple": "2024-07-28 01:39:02 +0000",
      "cod": "2024-07-19 04:19:26 +0000",
      "cooked_salmon": "2024-07-15 20:32:26 +0000",
      "carrot": "2024-07-27 21:05:58 +0000"
    },
    "done": false
  },
  "minecraft:story/smelt_iron": {
    "criteria": {
      "iron": "2024-07-12 14:15:23 +0000"
    },
    "done": true
  },
  "minecraft:story/mine_diamond": {
    "criteria": {
      "diamond": "2024-07-12 14:15:24 +0000"
    },
    "done": true
  },
  "minecraft:story/form_obsidian": {
    "criteria": {
      "obsidian": "2024-07-12 14:15:25 +0000"
    },
    "done": true
  },
  "minecraft:husbandry/tame_an_animal": {
    "criteria": {
      "tamed_animal": "2024-07-12 14:17:17 +0000"
    },
    "done": true
  },
  "minecraft:story/obtain_armor": {
    "criteria": {
      "iron_chestplate": "2024-07-12 14:23:54 +0000"
    },
    "done": true
  },
  "minecraft:story/root": {
    "criteria": {
      "crafting_table": "2024-07-12 14:25:42 +0000"
    },
    "done": true
  },
  "minecraft:story/mine_stone": {
    "criteria": {
      "get_stone": "2024-07-12 14:25:59 +0000"
    },
    "done": true
  },
  "minecraft:story/upgrade_tools": {
    "criteria": {
      "stone_pickaxe": "2024-07-12 14:26:25 +0000"
    },
    "done": true
  },
  "mutantmonsters:root": {
    "criteria": {
      "killed_something": "2024-07-12 14:27:53 +0000"
    },
    "done": true
  },
  "minecraft:adventure/root": {
    "criteria": {
      "killed_something": "2024-07-12 14:27:53 +0000"
    },
    "done": true
  },
  "minecraft:adventure/kill_all_mobs": {
    "criteria": {
      "minecraft:pillager": "2024-07-16 01:36:06 +0000",
      "minecraft:blaze": "2024-07-24 00:12:23 +0000",
      "minecraft:skeleton": "2024-07-12 14:27:53 +0000",
      "minecraft:ravager": "2024-07-18 18:02:31 +0000",
      "minecraft:hoglin": "2024-07-27 22:53:40 +0000",
      "minecraft:vindicator": "2024-07-28 01:38:00 +0000",
      "minecraft:spider": "2024-07-14 03:41:15 +0000",
      "minecraft:creeper": "2024-07-13 23:26:27 +0000",
      "minecraft:slime": "2024-07-22 00:44:26 +0000",
      "minecraft:evoker": "2024-07-28 01:43:02 +0000",
      "quark:forgotten": "2024-07-23 22:19:00 +0000",
      "minecraft:phantom": "2024-07-21 18:43:05 +0000",
      "minecraft:zombified_piglin": "2024-07-24 00:15:38 +0000",
      "minecraft:witch": "2024-07-22 01:15:39 +0000",
      "minecraft:wither_skeleton": "2024-07-24 00:13:40 +0000",
      "minecraft:husk": "2024-07-20 13:49:17 +0000",
      "minecraft:cave_spider": "2024-07-15 23:34:43 +0000",
      "minecraft:piglin": "2024-07-25 04:04:29 +0000",
      "minecraft:silverfish": "2024-07-17 22:02:37 +0000",
      "minecraft:enderman": "2024-07-22 03:24:29 +0000",
      "minecraft:vex": "2024-07-28 01:43:02 +0000",
      "minecraft:zombie": "2024-07-12 14:59:51 +0000",
      "quark:foxhound": "2024-07-25 04:06:50 +0000",
      "minecraft:drowned": "2024-07-21 17:43:28 +0000",
      "minecraft:zombie_villager": "2024-07-16 01:26:51 +0000"
    },
    "done": false
  },
  "minecraft:adventure/kill_a_mob": {
    "criteria": {
      "minecraft:skeleton": "2024-07-12 14:27:53 +0000"
    },
    "done": true
  },
  "tombstone:adventure/find_grave_dust": {
    "criteria": {
      "from_undead": "2024-07-12 14:28:08 +0000"
    },
    "done": true
  },
  "tombstone:recipes/from_grave_dust": {
    "criteria": {
      "has_ingredient": "2024-07-12 14:28:09 +0000"
    },
    "done": true
  },
  "tombstone:adventure/first_knowledge": {
    "criteria": {
      "coded_trigger": "2024-07-12 14:31:47 +0000"
    },
    "done": true
  },
  "tombstone:adventure/ashes_and_bones": {
    "criteria": {
      "coded_trigger": "2024-07-12 14:31:47 +0000"
    },
    "done": true
  },
  "tombstone:adventure/choose_knowledge": {
    "criteria": {
      "coded_trigger": "2024-07-12 14:32:20 +0000"
    },
    "done": true
  },
  "minecraft:adventure/sleep_in_bed": {
    "criteria": {
      "slept_in_bed": "2024-07-12 14:33:01 +0000"
    },
    "done": true
  },
  "tombstone:adventure/first_grave": {
    "criteria": {
      "coded_trigger": "2024-07-12 14:47:42 +0000"
    },
    "done": true
  },
  "tombstone:recipes/from_grave_key": {
    "criteria": {
      "has_ingredient": "2024-07-12 14:59:27 +0000"
    },
    "done": true
  },
  "tombstone:adventure/enchant_grave_key": {
    "criteria": {
      "has_upgraded_grave_key": "2024-07-12 14:59:27 +0000"
    },
    "done": true
  },
  "tombstone:adventure/teleport_to_grave": {
    "criteria": {
      "coded_trigger": "2024-07-12 14:59:33 +0000"
    },
    "done": true
  },
  "enemyexpansion:vampire_slayer": {
    "criteria": {
      "vampire_slayer_0": "2024-07-12 15:39:22 +0000"
    },
    "done": true
  },
  "tombstone:adventure/cancel_ghostly_shape": {
    "criteria": {
      "coded_trigger": "2024-07-12 15:40:25 +0000"
    },
    "done": true
  },
  "minecraft:story/iron_tools": {
    "criteria": {
      "iron_pickaxe": "2024-07-13 23:01:47 +0000"
    },
    "done": true
  },
  "alexsmobs:alexsmobs/acacia_blossom": {
    "criteria": {
      "acacia_blossom": "2024-07-14 00:01:30 +0000"
    },
    "done": true
  },
  "minecraft:husbandry/plant_seed": {
    "criteria": {
      "wheat": "2024-07-14 00:12:14 +0000"
    },
    "done": true
  },
  "mowziesmobs:kill_umvuthana_raptor": {
    "criteria": {
      "umvuthana_raptor": "2024-07-14 00:28:32 +0000"
    },
    "done": true
  },
  "enemyexpansion:hunted": {
    "criteria": {
      "hunted_0": "2024-07-14 02:55:33 +0000"
    },
    "done": true
  },
  "alexsmobs:alexsmobs/seagull_steal": {
    "criteria": {
      "ex": "2024-07-14 03:33:21 +0000"
    },
    "done": true
  },
  "tombstone:adventure/strong_or_careful": {
    "criteria": {
      "coded_trigger": "2024-07-14 03:34:42 +0000"
    },
    "done": true
  },
  "minecraft:story/deflect_arrow": {
    "criteria": {
      "deflected_projectile": "2024-07-14 03:39:42 +0000"
    },
    "done": true
  },
  "tombstone:adventure/chain_death": {
    "criteria": {
      "coded_trigger": "2024-07-14 03:40:43 +0000"
    },
    "done": true
  },
  "dungeons_arise:find_fishing_hut": {
    "criteria": {
      "location0": "2024-07-14 14:17:36 +0000"
    },
    "done": true
  },
  "undead_revamp2:sugarcoat": {
    "criteria": {
      "sugarcoat": "2024-07-14 14:49:15 +0000"
    },
    "done": true
  },
  "undead_revamp2:mommy": {
    "criteria": {
      "mommy": "2024-07-14 14:49:19 +0000"
    },
    "done": true
  },
  "alexsmobs:alexsmobs/kangaroo": {
    "criteria": {
      "killed_by": "2024-07-14 23:12:20 +0000"
    },
    "done": true
  },
  "quark:get_all_corundum": {
    "criteria": {
      "red": "2024-07-14 23:31:24 +0000",
      "green": "2024-07-14 23:32:00 +0000"
    },
    "done": false
  },
  "undead_revamp2:nowyouknow": {
    "criteria": {
      "nowyouknow": "2024-07-15 20:28:07 +0000"
    },
    "done": true
  },
  "tombstone:adventure/bone_crusher": {
    "criteria": {
      "coded_trigger": "2024-07-15 20:31:44 +0000"
    },
    "done": true
  },
  "friendsandfoes:adventure/complete_hide_and_seek_game": {
    "criteria": {
      "friendsandfoes:complete_hide_and_seek_game": "2024-07-15 22:21:18 +0000"
    },
    "done": true
  },
  "artifacts:amateur_archaeologist": {
    "criteria": {
      "find_artifact": "2024-07-15 22:23:32 +0000"
    },
    "done": true
  },
  "twilightforest:arborist": {
    "criteria": {
      "mangrove_chest": "2024-07-15 22:25:59 +0000"
    },
    "done": false
  },
  "undead_revamp2:parry": {
    "criteria": {
      "parry": "2024-07-15 22:33:03 +0000"
    },
    "done": true
  },
  "undead_revamp2:nightnight": {
    "criteria": {
      "nightnight": "2024-07-15 22:47:02 +0000"
    },
    "done": true
  },
  "tombstone:adventure/ambush": {
    "criteria": {
      "coded_trigger": "2024-07-16 01:36:06 +0000"
    },
    "done": true
  },
  "minecraft:adventure/voluntary_exile": {
    "criteria": {
      "voluntary_exile": "2024-07-16 01:36:41 +0000"
    },
    "done": true
  },
  "quark:get_all_blossom_saplings": {
    "criteria": {
      "yellow": "2024-07-16 02:41:21 +0000"
    },
    "done": false
  },
  "minecraft:husbandry/plant_any_sniffer_seed": {
    "criteria": {
      "pitcher_pod": "2024-07-17 21:06:44 +0000"
    },
    "done": true
  },
  "enemyexpansion:troll_hunter": {
    "criteria": {
      "troll_hunter_0": "2024-07-17 21:18:10 +0000"
    },
    "done": true
  },
  "undead_revamp2:daddy": {
    "criteria": {
      "daddy": "2024-07-17 21:55:27 +0000"
    },
    "done": true
  },
  "iceandfire:iceandfire/rotten_egg": {
    "criteria": {
      "bestiary": "2024-07-18 17:38:16 +0000"
    },
    "done": true
  },
  "minecraft:husbandry/breed_an_animal": {
    "criteria": {
      "bred": "2024-07-18 17:41:01 +0000"
    },
    "done": true
  },
  "minecraft:nether/obtain_blaze_rod": {
    "criteria": {
      "blaze_rod": "2024-07-18 17:42:29 +0000"
    },
    "done": true
  },
  "iceandfire:iceandfire/kill_ghost": {
    "criteria": {
      "killed_fire_dragon": "2024-07-18 17:45:03 +0000"
    },
    "done": true
  },
  "dungeons_arise:find_lighthouse": {
    "criteria": {
      "location0": "2024-07-18 17:47:24 +0000"
    },
    "done": true
  },
  "takesapillage:pillager_camp": {
    "criteria": {
      "in_pillager_camp": "2024-07-19 03:46:20 +0000"
    },
    "done": true
  },
  "tombstone:adventure/fortuitous_militia": {
    "criteria": {
      "coded_trigger": "2024-07-19 03:46:33 +0000"
    },
    "done": true
  },
  "tombstone:adventure/create_magic_scroll": {
    "criteria": {
      "has_magic_scroll": "2024-07-19 03:47:52 +0000"
    },
    "done": true
  },
  "supplementaries:adventure/way_sign": {
    "criteria": {
      "bastion": "2024-07-19 03:50:00 +0000"
    },
    "done": true
  },
  "iceandfire:iceandfire/bestiary": {
    "criteria": {
      "bestiary": "2024-07-19 04:08:29 +0000"
    },
    "done": true
  },
  "iceandfire:iceandfire/lectern": {
    "criteria": {
      "bestiary": "2024-07-19 04:09:07 +0000"
    },
    "done": true
  },
  "minecraft:husbandry/complete_catalogue": {
    "criteria": {
      "minecraft:white": "2024-07-19 15:07:11 +0000"
    },
    "done": false
  },
  "friendsandfoes:adventure/summon_copper_golem": {
    "criteria": {
      "summoned_golem": "2024-07-19 15:47:27 +0000"
    },
    "done": true
  },
  "tombstone:adventure/choose_grave_type": {
    "criteria": {
      "coded_trigger": "2024-07-19 16:06:03 +0000"
    },
    "done": true
  },
  "tombstone:recipes/from_dark_marble": {
    "criteria": {
      "has_ingredient": "2024-07-19 16:09:57 +0000"
    },
    "done": true
  },
  "tombstone:adventure/create_grave_marble": {
    "criteria": {
      "has_grave_marble": "2024-07-19 16:09:57 +0000"
    },
    "done": true
  },
  "tombstone:adventure/create_decorative_grave": {
    "criteria": {
      "has_decorative_grave": "2024-07-19 16:10:05 +0000"
    },
    "done": true
  },
  "tombstone:recipes/from_decorative_grave": {
    "criteria": {
      "has_ingredient": "2024-07-19 16:10:05 +0000"
    },
    "done": true
  },
  "tombstone:adventure/consume_soul": {
    "criteria": {
      "coded_trigger": "2024-07-20 13:48:40 +0000"
    },
    "done": true
  },
  "minecraft:adventure/shoot_arrow": {
    "criteria": {
      "shot_arrow": "2024-07-21 00:40:47 +0000"
    },
    "done": true
  },
  "minecraft:adventure/ol_betsy": {
    "criteria": {
      "shot_crossbow": "2024-07-21 00:40:47 +0000"
    },
    "done": true
  },
  "undead_revamp2:oneskelly": {
    "criteria": {
      "oneskelly": "2024-07-21 01:17:20 +0000"
    },
    "done": true
  },
  "minecraft:husbandry/bred_all_animals": {
    "criteria": {
      "minecraft:cow": "2024-07-21 01:43:47 +0000",
      "minecraft:horse": "2024-07-27 01:18:44 +0000",
      "minecraft:pig": "2024-07-21 02:34:32 +0000",
      "minecraft:sheep": "2024-07-21 01:43:49 +0000",
      "minecraft:chicken": "2024-07-22 03:34:12 +0000"
    },
    "done": false
  },
  "tombstone:adventure/first_pray": {
    "criteria": {
      "coded_trigger": "2024-07-21 01:57:22 +0000"
    },
    "done": true
  },
  "tombstone:adventure/create_strange_tablet": {
    "criteria": {
      "has_strange_tablet": "2024-07-21 01:58:26 +0000"
    },
    "done": true
  },
  "tombstone:adventure/combine_in_inventory": {
    "criteria": {
      "coded_trigger": "2024-07-21 01:59:49 +0000"
    },
    "done": true
  },
  "tombstone:adventure/create_magic_tablet": {
    "criteria": {
      "has_magic_tablet": "2024-07-21 01:59:49 +0000"
    },
    "done": true
  },
  "minecraft:story/lava_bucket": {
    "criteria": {
      "lava_bucket": "2024-07-21 02:57:03 +0000"
    },
    "done": true
  },
  "artifacts:chest_slayer": {
    "criteria": {
      "kill_mimic": "2024-07-21 03:16:26 +0000"
    },
    "done": true
  },
  "tombstone:adventure/use_recall": {
    "criteria": {
      "coded_trigger": "2024-07-21 03:46:19 +0000"
    },
    "done": true
  },
  "twilightforest:beanstalk": {
    "criteria": {
      "beans": "2024-07-21 04:00:20 +0000"
    },
    "done": false
  },
  "twilightforest:giants": {
    "criteria": {
      "pickaxe": "2024-07-21 04:00:20 +0000"
    },
    "done": false
  },
  "mutantmonsters:you_da_bomby": {
    "criteria": {
      "tamed_creeper_minion": "2024-07-21 18:20:18 +0000"
    },
    "done": true
  },
  "minecraft:story/enchant_item": {
    "criteria": {
      "enchanted_item": "2024-07-21 18:39:13 +0000"
    },
    "done": true
  },
  "deeperdarker:main/kill_all_sculk_mobs": {
    "criteria": {
      "phantom": "2024-07-21 18:43:05 +0000"
    },
    "done": false
  },
  "tombstone:adventure/neighborhood_brawl": {
    "criteria": {
      "coded_trigger": "2024-07-22 02:30:28 +0000"
    },
    "done": true
  },
  "minecraft:story/shiny_gear": {
    "criteria": {
      "diamond_chestplate": "2024-07-22 03:09:34 +0000"
    },
    "done": true
  },
  "incendium:root": {
    "criteria": {
      "requirement": "2024-07-22 03:13:38 +0000"
    },
    "done": true
  },
  "minecraft:nether/root": {
    "criteria": {
      "entered_nether": "2024-07-22 03:13:38 +0000"
    },
    "done": true
  },
  "minecraft:story/enter_the_nether": {
    "criteria": {
      "entered_nether": "2024-07-22 03:13:38 +0000"
    },
    "done": true
  },
  "incendium:toxic_heap/root": {
    "criteria": {
      "requirement": "2024-07-22 03:13:49 +0000"
    },
    "done": true
  },
  "incendium:misc/soul_searcher": {
    "criteria": {
      "incendium:toxic_heap": "2024-07-22 03:13:49 +0000",
      "incendium:withered_forest": "2024-07-25 04:02:59 +0000"
    },
    "done": false
  },
  "undead_revamp2:earthyblood": {
    "criteria": {
      "earthyblood": "2024-07-22 04:23:41 +0000"
    },
    "done": true
  },
  "minecraft:adventure/summon_iron_golem": {
    "criteria": {
      "summoned_golem": "2024-07-22 04:46:48 +0000"
    },
    "done": true
  },
  "tombstone:adventure/use_cupidity": {
    "criteria": {
      "coded_trigger": "2024-07-22 04:47:14 +0000"
    },
    "done": true
  },
  "tombstone:adventure/create_strange_scroll": {
    "criteria": {
      "has_strange_scroll": "2024-07-22 23:55:20 +0000"
    },
    "done": true
  },
  "tombstone:adventure/use_feather_fall": {
    "criteria": {
      "has_magic_scroll": "2024-07-22 23:57:14 +0000"
    },
    "done": true
  },
  "tombstone:adventure/versatility": {
    "criteria": {
      "coded_trigger": "2024-07-23 00:33:36 +0000"
    },
    "done": true
  },
  "tombstone:adventure/use_frost_resistance": {
    "criteria": {
      "has_magic_scroll": "2024-07-23 01:27:52 +0000"
    },
    "done": true
  },
  "quark:get_forgotten_hat": {
    "criteria": {
      "get_forgotten_hat": "2024-07-23 22:19:02 +0000"
    },
    "done": true
  },
  "tombstone:adventure/use_knowledge": {
    "criteria": {
      "coded_trigger": "2024-07-23 22:46:38 +0000"
    },
    "done": true
  },
  "quark:mine_toretoise": {
    "criteria": {
      "mine_toretoise": "2024-07-23 23:01:14 +0000"
    },
    "done": true
  },
  "minecraft:nether/find_fortress": {
    "criteria": {
      "in_better_fortress": "2024-07-24 00:12:07 +0000"
    },
    "done": true
  },
  "iceandfire:iceandfire/kill_sea_serpent": {
    "criteria": {
      "killed_fire_dragon": "2024-07-24 00:49:20 +0000"
    },
    "done": true
  },
  "iceandfire:iceandfire/kill_if_dragon": {
    "criteria": {
      "killed_lightning_dragon": "2024-07-24 01:02:26 +0000"
    },
    "done": true
  },
  "betterdungeons:zombie_dungeon": {
    "criteria": {
      "in_better_zombie_dungeon": "2024-07-24 01:03:59 +0000"
    },
    "done": true
  },
  "betterdungeons:all_dungeons": {
    "criteria": {
      "in_better_zombie_dungeon": "2024-07-24 01:03:59 +0000"
    },
    "done": false
  },
  "tombstone:adventure/use_home": {
    "criteria": {
      "coded_trigger": "2024-07-25 02:34:47 +0000"
    },
    "done": true
  },
  "incendium:misc/root": {
    "criteria": {
      "incendium:withered_forest": "2024-07-25 04:02:59 +0000"
    },
    "done": true
  },
  "incendium:withered_forest/root": {
    "criteria": {
      "requirement": "2024-07-25 04:02:59 +0000"
    },
    "done": true
  },
  "minecraft:nether/explore_nether": {
    "criteria": {
      "minecraft:nether_wastes": "2024-07-25 04:03:15 +0000",
      "minecraft:warped_forest": "2024-07-25 04:05:02 +0000"
    },
    "done": false
  },
  "endrem:main/nether_eye": {
    "criteria": {
      "nether_eye": "2024-07-25 16:21:30 +0000"
    },
    "done": true
  },
  "endrem:main/root": {
    "criteria": {
      "nether_eye": "2024-07-25 16:21:30 +0000"
    },
    "done": true
  },
  "minecraft:nether/brew_potion": {
    "criteria": {
      "potion": "2024-07-26 23:58:25 +0000"
    },
    "done": true
  },
  "iceandfire:iceandfire/use_tide_trident": {
    "criteria": {
      "shot_arrow": "2024-07-27 00:19:05 +0000"
    },
    "done": true
  },
  "incendium:toxic_heap/slime_poison": {
    "criteria": {
      "poison": "2024-07-27 00:25:17 +0000"
    },
    "done": true
  },
  "minecraft:nether/get_wither_skull": {
    "criteria": {
      "wither_skull": "2024-07-27 00:26:35 +0000"
    },
    "done": true
  },
  "endrem:main/lost_eye": {
    "criteria": {
      "lost_eye": "2024-07-27 04:02:48 +0000"
    },
    "done": true
  },
  "tombstone:adventure/soul_magic": {
    "criteria": {
      "coded_trigger": "2024-07-27 05:36:09 +0000"
    },
    "done": true
  },
  "iceandfire:iceandfire/tame_cockatrice": {
    "criteria": {
      "tame_rat": "2024-07-27 21:15:37 +0000"
    },
    "done": true
  },
  "dungeons_arise:find_heavenly_challenger": {
    "criteria": {
      "location0": "2024-07-27 22:49:38 +0000"
    },
    "done": true
  },
  "minecraft:husbandry/obtain_netherite_hoe": {
    "criteria": {
      "netherite_hoe": "2024-07-27 23:14:12 +0000"
    },
    "done": true
  },
  "friendsandfoes:adventure/the_magicians": {
    "criteria": {
      "killed_evoker": "2024-07-28 01:43:02 +0000"
    },
    "done": false
  },
  "tombstone:adventure/village_defender": {
    "criteria": {
      "coded_trigger": "2024-07-28 01:43:31 +0000"
    },
    "done": true
  },
  "dungeons_arise:find_bathhouse": {
    "criteria": {
      "location0": "2024-07-28 02:00:32 +0000"
    },
    "done": true
  },
  "tombstone:adventure/create_familiar_receptacle": {
    "criteria": {
      "has_familiar_receptacle": "2024-07-28 02:46:36 +0000"
    },
    "done": true
  },
  "tombstone:adventure/use_disenchantment": {
    "criteria": {
      "coded_trigger": "2024-07-29 23:10:36 +0000"
    },
    "done": true
  },
  "tombstone:recipes/from_blue_marble": {
    "criteria": {
      "has_ingredient": "2024-07-29 23:34:03 +0000"
    },
    "done": true
  },
  "tombstone:recipes/from_green_marble": {
    "criteria": {
      "has_ingredient": "2024-07-29 23:34:30 +0000"
    },
    "done": true
  },
  "quark:get_diamond_heart": {
    "criteria": {
      "get_diamond_heart": "2024-07-30 02:12:26 +0000"
    },
    "done": true
  },
  "tombstone:adventure/ancient_knowledge": {
    "criteria": {
      "coded_trigger": "2024-07-30 02:28:34 +0000"
    },
    "done": true
  },
  "tombstone:adventure/mastery_1": {
    "criteria": {
      "coded_trigger": "2024-07-30 02:28:34 +0000"
    },
    "done": true
  },
  "tombstone:adventure/find_ancient_tablet": {
    "criteria": {
      "has_ancient_tablet": "2024-07-30 02:28:34 +0000"
    },
    "done": true
  },
  "tombstone:adventure/talk_grave_guardian": {
    "criteria": {
      "coded_trigger": "2024-07-31 00:54:28 +0000"
    },
    "done": true
  },
  "minecraft:adventure/lightning_rod_with_villager_no_fire": {
    "criteria": {
      "lightning_rod_with_villager_no_fire": "2024-07-31 00:55:24 +0000"
    },
    "done": true
  },
  "tombstone:adventure/trade_grave_guardian": {
    "criteria": {
      "coded_trigger": "2024-07-31 00:55:59 +0000"
    },
    "done": true
  },
  "tombstone:adventure/vanishing": {
    "criteria": {
      "coded_trigger": "2024-07-31 00:56:31 +0000"
    },
    "done": true
  },
  "minecraft:adventure/trade": {
    "criteria": {
      "traded": "2024-07-31 01:19:48 +0000"
    },
    "done": true
  },
  "aether:icestone": {
    "criteria": {
      "icestone": "2024-07-31 17:17:56 +0000"
    },
    "done": true
  },
  "aether:enter_aether": {
    "criteria": {
      "enter_aether": "2024-07-31 17:13:56 +0000"
    },
    "done": true
  },
  "aether:obtain_petal": {
    "criteria": {
      "aechor_petal": "2024-07-31 17:15:55 +0000"
    },
    "done": true
  },
  "aether:zanite": {
    "criteria": {
      "zanite": "2024-07-31 17:14:58 +0000"
    },
    "done": true
  },
  "aether:the_aether": {
    "criteria": {
      "the_aether": "2024-07-31 17:13:56 +0000"
    },
    "done": true
  },
  "DataVersion": 3465
}